,Player,Year,Age,Tm,First,Pts Won,Pts Max,Share,Pos,G,GS,MP,FG,FGA,FG%,3P,3PA,3P%,2P,2PA,2P%,eFG%,FT,FTA,FT%,ORB,DRB,TRB,AST,STL,BLK,TOV,PF,PTS,PER,TS%,3PAr,FTr,ORB%,DRB%,TRB%,AST%,STL%,BLK%,TOV%,USG%, ,OWS,DWS,WS,WS/48, ,OBPM,DBPM,BPM,VORP,Team_Rank,Team,Overall,Wining_Pct,PER_rank,Pt/g_rank,Assist/g_rank,Reb/g_rank,TS%_rank,WinShare_rank,VORP_rank,MVP_rank,BLK_rank,BPM_rank,STL_rank,TOV_rank,Usage_rank,GP_rank
0,Kevin Garnett,2004,27,MIN,120,1219,1230,0.991,PF,82,82,39.4,9.8,19.6,0.499,0.1,0.5,0.256,9.7,19.1,0.506,0.502,4.5,5.7,0.791,3,10.9,13.9,5,1.5,2.2,2.6,2.5,24.2,29.4,0.547,0.027,0.289,9.1,30,20.1,24.4,2,4,10.5,29.6,,10.4,8,18.3,0.272,,6.8,3.3,10.2,10,2,Minnesota Timberwolves,58-24,0.707,1,1,6,1,8,1,1,1,6,1,7,7,4,2
2,Tim Duncan,2004,27,SAS,0,716,1230,0.582,PF,69,68,36.6,8.6,17.1,0.501,0,0.2,0.167,8.6,16.9,0.505,0.502,5.1,8.5,0.599,3.3,9.2,12.4,3.1,0.9,2.7,2.7,2.4,22.3,27.1,0.534,0.01,0.498,10.2,27.6,19,17.4,1.3,5.3,11.3,29.7,,5.9,7.2,13.1,0.249,,5.2,3.3,8.5,6.7,3,San Antonio Spurs,57-25,0.695,2,5,7,2,10,3,3,2,3,2,13,9,3,12
3,Jermaine O'Neal,2004,25,IND,2,523,1230,0.425,PF,78,78,35.7,7.8,17.9,0.434,0,0.2,0.111,7.8,17.7,0.438,0.435,4.5,5.9,0.757,2.5,7.5,10,2.1,0.8,2.6,2.3,3.2,20.1,21.1,0.489,0.013,0.329,8.1,25,16.5,12.3,1.2,5.5,10.1,30.2,,2.7,6.3,9,0.155,,1.1,1.3,2.4,3.1,1,Indiana Pacers,61-21,0.744,10,11,13,5,13,12,14,3,4,14,14,5,1,9
4,Peja Stojaković,2004,26,SAC,1,281,1230,0.228,SF,81,81,40.3,8.2,17.1,0.48,3,6.8,0.433,5.2,10.3,0.511,0.566,4.9,5.2,0.927,1.1,5.1,6.3,2.1,1.3,0.2,1.9,2,24.2,21.8,0.624,0.4,0.307,3.2,14.1,8.8,9.1,1.7,0.3,8.9,23.9,,11.4,2.1,13.5,0.198,,5.2,-1.3,3.9,4.9,5,Sacramento Kings,55-27,0.671,9,1,13,10,1,2,4,4,14,9,8,4,14,6
5,Kobe Bryant,2004,25,LAL,0,212,1230,0.172,SG,65,64,37.6,7.9,18.1,0.438,1.1,3.3,0.327,6.8,14.8,0.463,0.468,7,8.2,0.852,1.6,3.9,5.5,5.1,1.7,0.4,2.6,2.7,24,23.7,0.551,0.184,0.452,4.7,12,8.3,24.4,2.4,0.8,10.8,29.1,,7.8,3,10.7,0.21,,5.1,0.5,5.6,4.7,4,Los Angeles Lakers,56-26,0.683,4,3,5,12,7,8,6,5,11,4,5,7,5,16
6,Shaquille O'Neal,2004,31,LAL,0,178,1230,0.145,C,67,67,36.8,8.3,14.1,0.584,0,0,,8.3,14.1,0.584,0.584,4.9,10.1,0.49,3.7,7.8,11.5,2.9,0.5,2.5,2.9,3.4,21.5,24.4,0.578,0,0.713,11.1,24.4,17.7,14.8,0.7,5,13.5,26.3,,5.9,4,9.9,0.192,,3.8,1,4.8,4.1,4,Los Angeles Lakers,56-26,0.683,3,8,9,4,3,10,11,6,5,6,15,12,9,14
7,Ben Wallace,2004,29,DET,0,24,1230,0.02,C,81,81,37.7,3.9,9.2,0.421,0,0.1,0.125,3.9,9.1,0.424,0.422,1.8,3.6,0.49,4,8.4,12.4,1.7,1.8,3,1.5,2,9.5,17.3,0.441,0.011,0.388,12.5,25.5,19.1,7.7,2.6,6.1,12.3,15.3,,1.1,9.1,10.2,0.16,,0.2,3.3,3.5,4.3,6,Detroit Pistons,54-28,0.659,16,16,15,2,16,9,8,7,1,11,3,2,16,6
8,Jason Kidd,2004,30,NJN,0,17,1230,0.014,PG,67,66,36.6,5.5,14.3,0.384,1.4,4.4,0.321,4.1,9.9,0.411,0.433,3.1,3.7,0.827,1.3,5.1,6.4,9.2,1.8,0.2,3.2,1.6,15.5,19.7,0.485,0.306,0.26,4.1,16.5,10.3,44.8,2.7,0.4,16.7,24.6,,2.8,4.4,7.2,0.141,,3.4,1.3,4.7,4.2,9,New Jersey Nets,47-35,0.573,13,15,1,9,15,14,10,8,14,7,3,14,12,14
9,LeBron James,2004,19,CLE,0,11,1230,0.009,SG,79,79,39.5,7.9,18.9,0.417,0.8,2.7,0.29,7.1,16.1,0.438,0.438,4.4,5.8,0.754,1.3,4.2,5.5,5.9,1.6,0.7,3.5,1.9,20.9,18.3,0.488,0.145,0.308,3.5,11.8,7.6,27.8,2.2,1.3,13.9,28.2,,2.4,2.6,5.1,0.078,,2.3,-0.6,1.7,2.9,21,Cleveland Cavaliers,35-47,0.427,14,10,4,12,14,16,15,9,9,15,6,16,7,8
1,Sam Cassell,2004,34,MIN,0,4,1230,0.003,PG,81,81,35,7.7,15.7,0.488,0.9,2.3,0.398,6.7,13.4,0.504,0.517,3.6,4.1,0.873,0.5,2.8,3.3,7.3,1.3,0.2,2.7,3,19.8,22.8,0.566,0.146,0.261,1.9,8.7,5.5,38,1.9,0.5,13.5,27.2,,8.8,3.3,12.1,0.205,,4.1,0.3,4.4,4.6,2,Minnesota Timberwolves,58-24,0.707,5,12,3,16,4,4,7,11,14,8,8,9,8,6
10,Baron Davis,2004,24,NOH,0,4,1230,0.003,PG,67,66,40.1,8.3,20.9,0.395,2.8,8.7,0.321,5.5,12.2,0.448,0.462,3.5,5.3,0.673,1,3.3,4.3,7.5,2.4,0.4,3.2,2.7,22.9,20.7,0.492,0.415,0.251,2.7,9.6,6.1,37.9,3.2,0.8,12.1,30.1,,4.3,3.2,7.5,0.133,,4.7,0.5,5.2,4.8,15,New Orleans Hornets,41-41,0.5,11,4,2,15,12,13,5,11,11,5,1,14,2,14
11,Dirk Nowitzki,2004,25,DAL,0,4,1230,0.003,C,77,77,37.9,7.9,17,0.462,1.3,3.8,0.341,6.6,13.2,0.496,0.5,4.8,5.5,0.877,1.2,7.5,8.7,2.7,1.2,1.4,1.8,2.8,21.8,22.5,0.561,0.221,0.323,3.3,22.2,12.5,11.3,1.6,2.6,8.3,24.5,,9,2.5,11.5,0.19,,3.8,0,3.8,4.3,7,Dallas Mavericks,52-30,0.634,7,6,11,7,5,6,8,11,8,10,10,3,13,11
12,Andrei Kirilenko,2004,22,UTA,0,2,1230,0.002,PF,78,78,37.1,5.3,11.9,0.443,0.9,2.6,0.338,4.4,9.4,0.471,0.479,5,6.4,0.79,2.9,5.2,8.1,3.1,1.9,2.8,2.8,2.2,16.5,22.6,0.559,0.216,0.533,9.5,17.5,13.5,15.7,2.9,6.3,15.8,21.9,,6.5,5,11.6,0.192,,5,2.9,7.9,7.2,13,Utah Jazz,42-40,0.512,6,14,7,8,6,5,2,13,2,3,2,11,15,9
13,Carmelo Anthony,2004,19,DEN,0,1,1230,0.001,SF,82,82,36.5,7.6,17.9,0.426,0.8,2.6,0.322,6.8,15.3,0.444,0.449,5,6.4,0.777,2.2,3.8,6.1,2.8,1.2,0.5,3,2.7,21,17.6,0.509,0.146,0.358,6.8,12.1,9.4,13.8,1.7,1,12.7,28.5,,3.7,2.4,6.1,0.098,,1.6,-1.6,0,1.5,11,Denver Nuggets,43-39,0.524,15,9,10,11,11,15,16,15,10,16,10,13,6,2
14,Yao Ming,2004,23,HOU,0,1,1230,0.001,C,82,82,32.8,6.5,12.5,0.522,0,0,0,6.5,12.5,0.523,0.522,4.4,5.4,0.809,2.4,6.6,9,1.5,0.3,1.9,2.5,3.3,17.5,21.9,0.586,0.002,0.435,9.1,22.4,16.1,9.3,0.4,4.5,14.3,25.3,,6.5,4.8,11.4,0.202,,1.7,1.1,2.8,3.2,10,Houston Rockets,45-37,0.549,8,13,16,6,2,7,13,15,7,12,16,6,11,2
15,Michael Redd,2004,24,MIL,0,1,1230,0.001,SG,82,82,36.8,7.7,17.5,0.44,1.5,4.4,0.35,6.2,13.1,0.47,0.484,4.7,5.4,0.868,1.4,3.5,5,2.3,1,0.1,1.4,1.9,21.7,19.9,0.544,0.252,0.306,4.4,10.9,7.7,11.3,1.4,0.1,6.6,26.3,,8.4,1.3,9.7,0.154,,3.8,-1.3,2.5,3.5,14,Milwaukee Bucks,41-41,0.5,12,7,12,14,9,11,12,15,16,13,12,1,9,2
0,Steve Nash,2005,30,PHO,65,1066,1270,0.839,PG,75,75,34.3,5.7,11.4,0.502,1.3,2.9,0.431,4.5,8.5,0.526,0.557,2.8,3.2,0.887,0.8,2.6,3.3,11.5,1,0.1,3.3,1.8,15.5,22,0.606,0.254,0.278,2.5,7.6,5.2,49.2,1.4,0.2,20.3,20.5,,9.7,1.2,10.9,0.203,,5.5,-0.8,4.7,4.4,1,Phoenix Suns,62-20,0.756,10,13,1,15,2,11,13,1,14,7,10,12,13,11
3,Shaquille O'Neal,2005,32,MIA,58,1032,1270,0.813,C,73,73,34.1,9,15,0.601,0,0,,9,15,0.601,0.601,4.8,10.5,0.461,3.5,6.9,10.4,2.7,0.5,2.3,2.8,3.6,22.9,27,0.583,0,0.699,12.4,22.8,17.8,15.7,0.8,5,12.4,30.5,,6.4,4.6,11,0.211,,4.1,1.2,5.3,4.6,2,Miami Heat,59-23,0.72,2,9,10,4,3,9,12,2,3,6,15,10,4,13
5,Dirk Nowitzki,2005,26,DAL,0,349,1270,0.275,PF,78,78,38.7,8.5,18.5,0.459,1.2,2.9,0.399,7.3,15.6,0.47,0.49,7.9,9.1,0.869,1.2,8.5,9.7,3.1,1.2,1.5,2.3,2.8,26.1,26.1,0.578,0.158,0.49,3.6,24,14,14.3,1.7,2.9,9.1,28.7,,10.3,5.2,15.6,0.248,,5.8,1.5,7.3,7.1,4,Dallas Mavericks,58-24,0.707,5,3,9,6,4,2,3,3,5,4,8,6,7,8
6,Tim Duncan,2005,28,SAS,1,328,1270,0.258,PF,66,66,33.4,7.8,15.8,0.496,0,0.1,0.333,7.8,15.7,0.498,0.498,4.6,6.9,0.67,3.1,8,11.1,2.7,0.7,2.6,1.9,2.2,20.3,27,0.54,0.009,0.437,10.7,28.2,19.4,16.1,1.1,5.7,9.3,28.9,,5.5,5.7,11.2,0.245,,4.8,2.8,7.6,5.4,3,San Antonio Spurs,59-23,0.72,2,11,10,3,11,8,5,4,2,3,14,4,6,14
7,Allen Iverson,2005,29,PHI,2,240,1270,0.189,PG,75,75,42.3,10.3,24.2,0.424,1.4,4.5,0.308,8.9,19.7,0.451,0.453,8.7,10.5,0.835,0.7,3.3,4,7.9,2.4,0.1,4.6,1.9,30.7,23.2,0.532,0.186,0.432,1.8,8.9,5.3,37.6,2.9,0.2,13.7,35,,5.3,3.7,9,0.136,,4.2,0,4.2,5,16,Philadelphia 76ers,43-39,0.524,7,1,2,14,12,13,8,5,14,11,1,15,1,11
8,LeBron James,2005,20,CLE,0,93,1270,0.073,SF,80,80,42.4,9.9,21.1,0.472,1.4,3.9,0.351,8.6,17.2,0.499,0.504,6,8,0.75,1.4,6,7.4,7.2,2.2,0.7,3.3,1.8,27.2,25.7,0.554,0.183,0.378,3.8,17,10.2,32.9,2.8,1.1,11.8,29.7,,9.7,4.6,14.3,0.203,,7,1.7,8.6,9.1,18,Cleveland Cavaliers,42-40,0.512,6,2,3,9,10,4,1,6,9,2,2,12,5,5
9,Tracy McGrady,2005,25,HOU,0,44,1270,0.035,SF,78,78,40.8,9.2,21.3,0.431,1.8,5.6,0.326,7.3,15.7,0.468,0.473,5.5,7.1,0.774,0.9,5.3,6.2,5.7,1.7,0.7,2.6,2.1,25.7,22.9,0.526,0.262,0.336,2.7,14.8,8.9,28.6,2.3,1.3,9.5,31.2,,6.5,5.4,12,0.18,,5.2,1.5,6.7,6.9,7,Houston Rockets,51-31,0.622,9,5,5,10,13,6,4,7,9,5,4,8,2,8
4,Dwyane Wade,2005,23,MIA,0,43,1270,0.034,SG,77,77,38.6,8.2,17.1,0.478,0.2,0.6,0.289,8,16.5,0.485,0.483,7.5,9.9,0.762,1.4,3.7,5.2,6.8,1.6,1.1,4.2,3,24.1,23.1,0.561,0.034,0.578,4.5,10.8,7.8,31,2.2,2,16.3,30.9,,6.7,4.3,11,0.177,,3.9,0.7,4.6,4.9,2,Miami Heat,59-23,0.72,8,7,4,11,7,9,9,8,8,8,6,14,3,10
1,Amar'e Stoudemire,2005,22,PHO,1,41,1270,0.032,C,80,80,36.1,9.3,16.7,0.559,0,0.2,0.188,9.3,16.5,0.564,0.56,7.3,9.9,0.733,2.7,6.2,8.9,1.6,1,1.6,2.4,3.5,26,26.6,0.617,0.012,0.595,8.5,17.4,13.2,7.7,1.3,3,10.1,28.3,,11.3,3.3,14.6,0.243,,4.1,0.3,4.4,4.7,1,Phoenix Suns,62-20,0.756,4,4,15,8,1,3,11,9,4,9,10,7,8,5
10,Ray Allen,2005,29,SEA,0,41,1270,0.032,SG,78,78,39.3,8.2,19.2,0.428,2.7,7.1,0.376,5.5,12,0.459,0.498,4.8,5.5,0.883,1,3.4,4.4,3.7,1.1,0.1,2.2,2.1,23.9,20.9,0.555,0.372,0.286,3.2,10.7,6.9,18.1,1.5,0.1,9.2,28,,9.7,1,10.7,0.168,,5.3,-1.2,4.1,4.8,6,Seattle SuperSonics,52-30,0.634,13,8,8,13,9,12,10,9,14,13,9,5,9,8
11,Kevin Garnett,2005,28,MIN,0,15,1270,0.012,PF,82,82,38.1,8.3,16.6,0.502,0.1,0.3,0.24,8.3,16.3,0.507,0.504,5.4,6.7,0.811,3,10.5,13.5,5.7,1.5,1.4,2.7,2.5,22.2,28.2,0.567,0.018,0.404,9.5,30.2,20.3,27.1,2.1,2.6,12.2,27.1,,10.1,6,16.1,0.248,,6.5,3,9.5,9.1,15,Minnesota Timberwolves,44-38,0.537,1,10,5,1,5,1,1,11,7,1,7,9,11,1
12,Gilbert Arenas,2005,23,WAS,0,4,1270,0.003,PG,80,80,40.9,8.2,19,0.431,2.6,7,0.365,5.6,12,0.469,0.498,6.5,8,0.814,1,3.7,4.7,5.1,1.7,0.3,3,3.1,25.5,21.3,0.565,0.369,0.42,2.8,10.5,6.5,22.9,2.2,0.5,11.8,27.3,,9.2,2.3,11.5,0.169,,4.7,-0.4,4.2,5.2,13,Washington Wizards,45-37,0.549,12,6,7,12,6,7,6,12,12,11,4,11,10,5
2,Shawn Marion,2005,26,PHO,0,1,1270,0.001,PF,81,81,38.8,7.6,15.9,0.476,1.4,4.2,0.334,6.2,11.7,0.526,0.52,2.8,3.4,0.833,2.9,8.4,11.3,1.9,2,1.5,1.5,2.5,19.4,21.7,0.556,0.265,0.213,8.4,22,15.5,7.5,2.6,2.5,8.1,21.3,,7.3,5.2,12.5,0.191,,3.1,1.3,4.4,5.1,1,Phoenix Suns,62-20,0.756,11,12,14,2,8,5,7,14,5,9,3,2,12,3
13,P.J. Brown,2005,35,NOH,0,1,1270,0.001,PF,82,78,34.4,4.1,9.2,0.446,0,0,,4.1,9.2,0.446,0.446,2.6,3,0.864,3.2,5.7,9,2.2,0.9,0.6,1.2,2.8,10.8,15.5,0.512,0,0.321,10.7,20.6,15.5,11.2,1.4,1.4,10.5,15.9,,4,2.9,6.9,0.118,,0.1,0.1,0.2,1.5,29,New Orleans Hornets,18-64,0.22,15,14,13,7,14,14,15,14,11,15,12,1,15,1
14,Marcus Camby,2005,30,DEN,0,1,1270,0.001,C,66,66,30.5,4.2,9.1,0.465,0,0.1,0,4.2,9,0.468,0.465,1.9,2.6,0.723,2,8,10,2.3,0.9,3,1.6,2.7,10.3,18,0.505,0.007,0.288,7.5,30.1,18.9,12,1.6,7.4,13.2,17.2,,1.2,4.5,5.8,0.138,,-0.2,3.3,3.1,2.6,9,Denver Nuggets,49-33,0.598,14,15,12,5,15,15,14,14,1,14,12,3,14,14
0,Steve Nash,2006,31,PHO,57,924,1250,0.739,PG,79,79,35.4,6.8,13.4,0.512,1.9,4.3,0.439,4.9,9,0.548,0.583,3.3,3.5,0.921,0.6,3.6,4.2,10.5,0.8,0.2,3.5,1.5,18.8,23.3,0.632,0.324,0.264,1.9,11.1,6.6,44.4,1.1,0.3,19,23.3,,10.3,2.1,12.4,0.212,,5.7,-0.7,5,4.9,4,Phoenix Suns,54-28,0.659,9,9,1,8,1,8,9,1,8,7,10,10,9,8
2,LeBron James,2006,21,CLE,16,688,1250,0.55,SF,79,79,42.5,11.1,23.1,0.48,1.6,4.8,0.335,9.5,18.3,0.518,0.515,7.6,10.3,0.738,0.9,6.1,7,6.6,1.6,0.8,3.3,2.3,31.4,28.1,0.568,0.208,0.447,2.6,17.1,9.8,32.8,2,1.5,10.7,33.6,,12,4.3,16.3,0.232,,7.5,1.6,9.1,9.4,6,Cleveland Cavaliers,50-32,0.61,1,3,5,5,8,2,1,2,5,1,5,8,3,8
3,Dirk Nowitzki,2006,27,DAL,14,544,1250,0.435,PF,81,81,38.1,9.3,19.3,0.48,1.4,3.3,0.406,7.9,16,0.496,0.515,6.7,7.4,0.901,1.4,7.6,9,2.8,0.7,1,1.9,2,26.6,28.1,0.589,0.173,0.382,4.6,23.4,14.2,14.7,1,2.1,7.9,30,,13.5,4.3,17.7,0.275,,7.8,0.4,8.1,7.9,3,Dallas Mavericks,60-22,0.732,1,5,9,4,4,1,3,3,4,2,11,2,5,2
4,Kobe Bryant,2006,27,LAL,22,483,1250,0.386,SG,80,80,41,12.2,27.2,0.45,2.3,6.5,0.347,10,20.7,0.482,0.491,8.7,10.2,0.85,0.9,4.4,5.3,4.5,1.8,0.4,3.1,2.9,35.4,28,0.559,0.238,0.377,2.6,12.7,7.6,24.1,2.4,0.7,9,38.7,,11.6,3.7,15.3,0.224,,7.4,0.2,7.6,8,10,Los Angeles Lakers,45-37,0.549,3,1,7,7,9,4,2,4,7,4,4,6,1,5
5,Chauncey Billups,2006,29,DET,15,430,1250,0.344,PG,81,81,36.1,5.2,12.5,0.418,2.3,5.2,0.433,3,7.2,0.407,0.509,5.7,6.4,0.894,0.5,2.6,3.1,8.6,0.9,0.1,2.1,2,18.5,23.4,0.602,0.42,0.514,1.6,8.7,5.1,39.3,1.3,0.2,12,22.9,,12.7,2.8,15.5,0.254,,6.2,0.1,6.2,6.1,1,Detroit Pistons,64-18,0.78,8,11,2,11,2,3,6,5,10,6,8,3,10,2
6,Dwyane Wade,2006,24,MIA,0,87,1250,0.07,SG,75,75,38.6,9.3,18.8,0.495,0.2,1,0.171,9.1,17.8,0.513,0.499,8.4,10.7,0.783,1.4,4.3,5.7,6.7,1.9,0.8,3.6,2.9,27.2,27.6,0.577,0.054,0.568,4.5,12.6,8.7,33,2.6,1.5,13.2,32.5,,10.2,4.2,14.4,0.239,,5.9,1.8,7.7,7.1,5,Miami Heat,52-30,0.634,4,4,4,6,7,7,4,6,5,3,2,11,4,10
7,Elton Brand,2006,26,LAC,1,50,1250,0.04,PF,79,79,39.2,9.6,18.2,0.527,0,0,0.333,9.6,18.1,0.527,0.527,5.6,7.2,0.775,3,7,10,2.6,1,2.5,2.2,2.9,24.7,26.5,0.58,0.002,0.396,9.3,19.9,14.8,13.1,1.4,4.9,9.3,27.7,,9.3,5.5,14.8,0.229,,5.1,1.6,6.7,6.8,9,Los Angeles Clippers,47-35,0.573,5,6,10,3,6,5,5,7,1,5,6,4,6,8
8,Tim Duncan,2006,29,SAS,0,33,1250,0.026,PF,80,80,34.8,7.2,14.8,0.484,0,0.1,0.4,7.2,14.8,0.485,0.485,4.2,6.7,0.629,2.9,8.1,11,3.2,0.9,2,2.5,2.7,18.6,23.1,0.523,0.004,0.45,10.1,26.9,18.7,16.5,1.4,4.2,12.2,27.7,,3.9,6.9,10.8,0.187,,2.3,2.6,5,4.9,2,San Antonio Spurs,63-19,0.768,10,10,8,2,11,9,9,8,2,7,8,5,6,5
9,Tony Parker,2006,23,SAS,0,9,1250,0.007,PG,80,80,33.9,7.8,14.2,0.548,0.1,0.5,0.306,7.7,13.8,0.556,0.553,3.2,4.5,0.707,0.5,2.8,3.3,5.8,1,0.1,3.1,2,18.9,20.8,0.584,0.032,0.315,1.7,9.5,5.7,32.2,1.7,0.1,16.1,27.1,,5.5,4.1,9.6,0.169,,2.4,0.4,2.8,3.3,2,San Antonio Spurs,63-19,0.768,11,8,6,9,5,11,11,9,10,11,6,6,8,5
1,Shawn Marion,2006,27,PHO,0,1,1250,0.001,PF,81,81,40.3,8.8,16.9,0.525,1.2,3.6,0.331,7.7,13.3,0.577,0.56,3,3.7,0.809,3.1,8.8,11.8,1.8,2,1.7,1.5,2.8,21.8,23.6,0.591,0.212,0.218,8.7,23.6,16.3,6.8,2.5,2.9,7.7,22.3,,8.6,5.9,14.6,0.214,,3.5,1.3,4.8,5.6,4,Phoenix Suns,54-28,0.659,7,7,11,1,3,6,7,10,3,9,1,1,11,2
10,Allen Iverson,2006,30,PHI,0,1,1250,0.001,PG,72,72,43.1,11.3,25.3,0.447,1,3.1,0.323,10.3,22.2,0.465,0.467,9.4,11.5,0.814,0.6,2.6,3.2,7.4,1.9,0.1,3.4,1.7,33,25.9,0.543,0.122,0.455,1.7,7.1,4.4,34.9,2.3,0.2,10.2,35.8,,8.8,1.8,10.6,0.165,,5.8,-1,4.8,5.3,19,Philadelphia 76ers,38-44,0.463,6,2,3,10,10,10,8,10,10,9,2,9,2,11
0,Dirk Nowitzki,2007,28,DAL,83,1138,1290,0.882,PF,78,78,36.2,8.6,17.2,0.502,0.9,2.2,0.416,7.7,15,0.515,0.529,6.4,7.1,0.904,1.6,7.3,8.9,3.4,0.7,0.8,2.1,2.2,24.6,27.6,0.605,0.129,0.411,5.3,23.9,14.8,17.8,1,1.7,9.5,28.9,,11.8,4.5,16.3,0.278,,7.2,1.2,8.3,7.4,1,Dallas Mavericks,67-15,0.817,2,6,12,6,3,1,2,1,7,1,15,2,8,3
1,Steve Nash,2007,32,PHO,44,1013,1290,0.785,PG,76,76,35.3,6.8,12.8,0.532,2.1,4.5,0.455,4.8,8.3,0.575,0.613,2.9,3.3,0.899,0.4,3.1,3.5,11.6,0.8,0.1,3.8,1.5,18.6,23.8,0.654,0.353,0.254,1.4,9.9,5.8,50.1,1.1,0.2,21,22.9,,10.8,1.7,12.6,0.225,,6.7,-0.8,5.9,5.3,2,Phoenix Suns,61-21,0.744,9,14,1,15,1,5,6,2,16,6,13,16,16,7
3,Kobe Bryant,2007,28,LAL,2,521,1290,0.404,SG,77,77,40.8,10.6,22.8,0.463,1.8,5.2,0.344,8.8,17.6,0.497,0.502,8.7,10,0.868,1,4.7,5.7,5.4,1.4,0.5,3.3,2.7,31.6,26.1,0.58,0.227,0.437,2.8,13.5,8.2,25.5,1.8,0.9,10.9,33.6,,10.8,2.2,13,0.199,,6.4,-0.5,5.9,6.1,13,Los Angeles Lakers,42-40,0.512,3,1,9,10,7,3,4,3,10,6,5,14,3,5
4,Tim Duncan,2007,30,SAS,0,286,1290,0.222,C,80,80,34.1,7.7,14.1,0.546,0,0.1,0.111,7.7,14,0.55,0.547,4.5,7.1,0.637,2.7,7.9,10.6,3.4,0.8,2.4,2.8,2.5,20,26.1,0.579,0.008,0.502,9.8,27,18.8,18.8,1.3,5.1,14,27.9,,6.3,6.8,13,0.23,,3.8,3.2,7,6.2,3,San Antonio Spurs,58-24,0.707,3,13,12,4,8,3,3,4,1,4,13,8,9,2
6,LeBron James,2007,22,CLE,0,183,1290,0.142,SF,78,78,40.9,9.9,20.8,0.476,1.3,4,0.319,8.6,16.8,0.513,0.507,6.3,9,0.698,1.1,5.7,6.7,6,1.6,0.7,3.2,2.2,27.3,24.5,0.552,0.191,0.432,3,16.6,9.6,29.1,2.1,1.3,11.5,31,,8,5.7,13.7,0.206,,5.9,2.2,8.1,8.1,7,Cleveland Cavaliers,50-32,0.61,5,5,6,8,13,2,1,5,8,3,4,12,6,3
7,Tracy McGrady,2007,27,HOU,0,110,1290,0.085,SG,71,71,35.8,9,20.8,0.431,1.8,5.4,0.331,7.2,15.5,0.466,0.474,4.9,6.9,0.707,0.8,4.5,5.3,6.5,1.3,0.5,3,1.9,24.6,23.2,0.515,0.257,0.33,2.6,14.5,8.6,37.5,1.9,1.1,11.2,35,,4.1,4.5,8.6,0.163,,4.9,1.2,6.1,5.2,5,Houston Rockets,52-30,0.634,10,6,5,11,17,14,7,6,10,5,6,10,1,11
8,Chris Bosh,2007,22,TOR,0,43,1290,0.033,C,69,69,38.5,7.9,15.9,0.496,0.2,0.5,0.343,7.7,15.3,0.501,0.502,6.7,8.6,0.785,2.7,8,10.7,2.5,0.6,1.3,2.6,2.4,22.6,22.6,0.577,0.032,0.539,8.1,24.8,16.4,11.7,0.8,2.6,11.7,26.7,,6.1,3.5,9.6,0.174,,2.8,-0.1,2.7,3.1,9,Toronto Raptors,47-35,0.573,12,8,15,3,9,11,14,7,4,14,16,5,12,13
9,Gilbert Arenas,2007,25,WAS,0,31,1290,0.024,PG,74,73,39.8,8.7,20.9,0.418,2.8,7.9,0.351,6,13,0.459,0.484,8.2,9.7,0.844,0.8,3.7,4.6,6,1.9,0.2,3.2,3.4,28.4,24,0.565,0.377,0.464,2.3,11.1,6.6,27.2,2.4,0.3,11.2,31.4,,9.3,1.5,10.8,0.177,,5.5,-0.8,4.7,5,15,Washington Wizards,41-41,0.5,8,3,6,13,12,8,8,8,14,9,3,12,5,9
10,Carlos Boozer,2007,25,UTA,0,7,1290,0.005,PF,74,74,34.6,8.7,15.6,0.561,0,0,,8.7,15.6,0.561,0.561,3.4,5,0.685,3.2,8.5,11.7,3,0.9,0.3,2.6,2.9,20.9,24.1,0.588,0,0.322,11.2,29.9,20.6,16.6,1.4,0.7,12.8,26.5,,6.5,3.4,9.9,0.185,,4.4,0.2,4.6,4.3,6,Utah Jazz,51-31,0.622,6,10,14,2,5,10,10,9,13,11,12,5,13,9
11,Kevin Garnett,2007,30,MIN,0,7,1290,0.005,PF,76,76,39.4,8.4,17.6,0.476,0.2,0.7,0.214,8.2,16.9,0.487,0.48,5.5,6.6,0.835,2.4,10.4,12.8,4.1,1.2,1.7,2.7,2.4,22.4,24.1,0.546,0.042,0.371,7.5,30.8,19.5,19.5,1.6,3.2,11.6,27.4,,5.7,4.9,10.7,0.171,,3.8,1.7,5.4,5.5,24,Minnesota Timberwolves,32-50,0.39,6,9,10,1,15,9,5,9,2,8,8,7,10,7
12,Chauncey Billups,2007,30,DET,0,4,1290,0.003,PG,70,70,36.2,5,11.6,0.427,1.6,4.5,0.345,3.4,7.1,0.479,0.494,5.5,6.2,0.883,0.3,3.1,3.4,7.2,1.2,0.2,2,2.3,17,21.3,0.591,0.388,0.536,1.1,10,5.6,32.9,1.8,0.5,12.2,21.5,,8.7,2.7,11.4,0.216,,4.2,0.5,4.7,4.3,4,Detroit Pistons,53-29,0.646,16,17,4,16,4,6,10,11,14,9,8,1,17,12
2,Amar'e Stoudemire,2007,24,PHO,0,2,1290,0.002,C,82,78,32.8,7.4,12.9,0.575,0,0,0,7.4,12.8,0.577,0.575,5.6,7.1,0.781,2.7,6.9,9.6,1,1,1.3,2.8,3.6,20.4,23.1,0.637,0.003,0.555,10.1,23.3,17,5,1.5,2.9,15,25.8,,7.2,4,11.2,0.201,,1.5,0.3,1.8,2.6,2,Phoenix Suns,61-21,0.744,11,11,17,5,2,7,15,13,4,16,11,8,15,1
13,Shaquille O'Neal,2007,34,MIA,0,3,1290,0.002,C,40,39,28.4,7.1,12,0.591,0,0,,7.1,12,0.591,0.591,3.1,7.4,0.422,2.4,5,7.4,2,0.2,1.4,2.4,3.5,17.3,21.7,0.567,0,0.614,10.3,20.3,15.4,14.3,0.4,3.8,13.5,29.4,,1.4,1.5,2.8,0.119,,1.6,0.2,1.7,1.1,11,Miami Heat,44-38,0.537,14,16,16,7,11,17,17,13,3,17,17,3,7,17
14,Dwyane Wade,2007,25,MIA,0,3,1290,0.002,SG,51,50,37.9,9.3,18.9,0.491,0.4,1.5,0.266,8.8,17.3,0.511,0.502,8.5,10.5,0.807,1,3.7,4.7,7.5,2.1,1.2,4.2,2.3,27.4,28.9,0.583,0.082,0.556,3.2,11.2,7.3,40.5,3,2.5,15.3,34.7,,5.9,2.9,8.8,0.219,,6.3,1.8,8.2,4.9,11,Miami Heat,44-38,0.537,1,4,3,12,6,13,9,13,6,2,1,17,2,16
5,Tony Parker,2007,24,SAS,0,1,1290,0.001,PG,77,77,32.5,7.4,14.2,0.52,0.2,0.5,0.395,7.2,13.7,0.525,0.527,3.6,4.5,0.783,0.4,2.8,3.2,5.5,1.1,0.1,2.5,1.8,18.6,21.4,0.572,0.035,0.319,1.7,10,6,31.7,1.8,0.2,13.3,27.4,,5.8,3.9,9.6,0.185,,2.7,0.4,3.1,3.2,3,San Antonio Spurs,58-24,0.707,15,14,8,17,10,11,12,16,16,13,10,4,10,5
15,Carmelo Anthony,2007,22,DEN,0,1,1290,0.001,SF,65,65,38.2,10.6,22.4,0.476,0.6,2.3,0.268,10,20.1,0.499,0.489,7.1,8.7,0.808,2.2,3.8,6,3.8,1.2,0.4,3.6,3.1,28.9,22.1,0.552,0.103,0.391,6.6,11.1,8.9,19.2,1.5,0.7,12.1,33.4,,5.2,2.1,7.3,0.14,,3.2,-1.3,1.9,2.5,10,Denver Nuggets,45-37,0.549,13,2,11,9,13,15,16,16,12,15,8,15,4,14
16,Baron Davis,2007,27,GSW,0,1,1290,0.001,PG,63,62,35.3,7.2,16.3,0.439,1.3,4.4,0.304,5.8,11.9,0.489,0.48,4.4,5.9,0.745,0.8,3.6,4.4,8.1,2.1,0.5,3.1,2.9,20.1,21,0.53,0.272,0.358,2.5,11.3,6.8,36.9,2.9,1,13.9,26.5,,4.1,2.3,6.4,0.139,,3.1,0.5,3.6,3.2,12,Golden State Warriors,42-40,0.512,17,12,2,14,16,16,12,16,10,12,1,11,13,15
0,Kobe Bryant,2008,29,LAL,82,1100,1260,0.873,SG,82,82,38.9,9.5,20.6,0.459,1.8,5.1,0.361,7.6,15.5,0.49,0.503,7.6,9,0.84,1.1,5.2,6.3,5.4,1.8,0.5,3.1,2.8,28.3,24.2,0.576,0.246,0.439,3.4,14.1,9,23.9,2.4,0.9,11.3,31.4,,9.5,4.3,13.8,0.208,,5.2,0.6,5.8,6.3,3,Los Angeles Lakers,57-25,0.695,8,2,6,11,10,4,3,1,10,6,2,12,2,2
1,Chris Paul,2008,22,NOH,28,894,1260,0.71,PG,80,80,37.6,7.9,16.1,0.488,1.2,3.1,0.369,6.7,13,0.516,0.524,4.2,4.9,0.851,0.8,3.2,4,11.6,2.7,0.1,2.5,2.3,21.1,28.3,0.576,0.193,0.302,2.4,10.3,6.2,52.2,3.9,0.1,12.1,25.7,,13.2,4.6,17.8,0.284,,7.2,3.2,10.4,9.3,4,New Orleans Hornets,56-26,0.683,2,8,1,15,10,1,2,2,16,2,1,8,11,6
2,Kevin Garnett,2008,31,BOS,15,670,1260,0.532,PF,71,71,32.8,7.5,13.9,0.539,0,0.2,0,7.5,13.8,0.545,0.539,3.8,4.7,0.801,1.9,7.3,9.2,3.4,1.4,1.3,1.9,2.3,18.8,25.3,0.588,0.011,0.339,7.3,25.1,16.8,19.9,2.3,3.1,10.8,25.5,,6.6,6.2,12.9,0.265,,4.7,3.5,8.2,6,1,Boston Celtics,66-16,0.805,4,14,10,5,7,6,5,3,5,4,5,3,12,16
4,LeBron James,2008,23,CLE,1,438,1260,0.348,SF,75,74,40.4,10.6,21.9,0.484,1.5,4.8,0.315,9.1,17.1,0.531,0.518,7.3,10.3,0.712,1.8,6.1,7.9,7.2,1.8,1.1,3.4,2.2,30,29.1,0.568,0.219,0.47,4.9,17.8,11.1,37.3,2.4,2.1,11.4,33.5,,10.7,4.6,15.2,0.242,,8.2,2.6,10.9,9.8,13,Cleveland Cavaliers,45-37,0.549,1,1,4,8,12,2,1,4,6,1,2,15,1,14
5,Dwight Howard,2008,22,ORL,0,60,1260,0.048,C,82,82,37.7,7.1,11.9,0.599,0,0,0,7.1,11.8,0.601,0.599,6.5,10.9,0.59,3.4,10.8,14.2,1.3,0.9,2.1,3.2,3.3,20.7,22.9,0.619,0.004,0.921,10.9,31.6,21.7,6.1,1.2,4.2,16.1,24.2,,6.4,6.4,12.9,0.2,,1.6,1.2,2.8,3.7,9,Orlando Magic,52-30,0.634,9,10,17,1,3,6,12,5,1,14,13,13,14,2
6,Amar'e Stoudemire,2008,25,PHO,0,27,1260,0.021,C,79,79,33.9,9,15.3,0.59,0.1,0.4,0.161,9,14.9,0.601,0.592,7,8.7,0.805,2.3,6.8,9.1,1.5,0.8,2.1,2.2,3.7,25.2,27.6,0.656,0.026,0.571,8.2,21.1,15.2,7.5,1.2,4,10.3,28.2,,10.9,3.8,14.6,0.262,,4.2,0.6,4.8,4.6,7,Phoenix Suns,55-27,0.671,3,4,15,6,1,3,9,6,1,8,14,5,7,8
8,Tim Duncan,2008,31,SAS,0,25,1260,0.02,C,78,78,34,7.5,15.1,0.497,0,0.1,0,7.5,15.1,0.498,0.497,4.3,5.9,0.73,3,8.3,11.3,2.8,0.7,1.9,2.3,2.4,19.3,24.4,0.546,0.003,0.393,10.7,28.3,19.6,15.7,1.1,4.3,11.4,28.2,,4.9,6.2,11.1,0.201,,3,2.2,5.2,4.8,5,San Antonio Spurs,56-26,0.683,6,13,13,2,14,10,8,7,3,7,16,6,7,10
10,Tracy McGrady,2008,28,HOU,0,19,1260,0.015,SG,66,62,37,8.3,19.8,0.419,1.3,4.5,0.292,7,15.3,0.457,0.452,3.7,5.4,0.684,0.6,4.5,5.1,5.9,1,0.5,2.4,1.4,21.6,18.4,0.487,0.226,0.274,2,13.5,7.8,29.6,1.5,0.9,9.8,30.4,,2,3.8,5.8,0.115,,2.4,0.5,2.9,3.1,6,Houston Rockets,55-27,0.671,16,6,5,12,17,17,15,8,10,13,12,7,3,17
7,Steve Nash,2008,33,PHO,0,18,1260,0.014,PG,81,81,34.3,6,11.9,0.504,2.2,4.7,0.47,3.8,7.2,0.527,0.597,2.7,3,0.906,0.3,3.1,3.5,11.1,0.7,0.1,3.6,1.4,16.9,21.1,0.641,0.396,0.255,1.2,9.6,5.7,47.3,0.9,0.1,21.6,22,,9,1.4,10.5,0.181,,5.8,-1.8,3.9,4.2,7,Phoenix Suns,55-27,0.671,11,16,2,16,2,12,11,9,16,11,16,17,16,4
9,Manu Ginóbili,2008,30,SAS,0,9,1260,0.007,SG,74,23,31.1,6.1,13.3,0.46,2.1,5.3,0.401,4,8,0.499,0.54,5.1,6,0.86,0.9,3.9,4.8,4.5,1.5,0.4,2.7,2.3,19.5,24.3,0.612,0.395,0.449,3.3,14.7,9.1,26.4,2.6,1.1,14.5,28.7,,6.6,4.5,11.1,0.232,,5.6,2.7,8.3,6,5,San Antonio Spurs,56-26,0.683,7,12,7,14,4,10,5,10,13,3,4,10,6,15
11,Dirk Nowitzki,2008,29,DAL,0,5,1260,0.004,PF,77,77,36,8.2,17.1,0.479,1,2.9,0.359,7.2,14.2,0.504,0.51,6.2,7.1,0.879,1.2,7.3,8.6,3.5,0.7,0.9,2.1,2.6,23.6,24.6,0.585,0.167,0.414,4.1,22.8,13.8,17.8,1,1.9,9.3,28.8,,8.9,4,12.9,0.223,,5.6,1,6.6,6,10,Dallas Mavericks,51-31,0.622,5,5,9,7,8,6,5,11,7,5,16,4,5,12
12,Deron Williams,2008,23,UTA,0,4,1260,0.003,PG,82,82,37.3,6.9,13.6,0.507,1,2.6,0.395,5.9,11.1,0.533,0.544,4,5,0.803,0.4,2.5,3,10.5,1.1,0.3,3.4,2.4,18.8,20.8,0.595,0.188,0.368,1.4,8.3,4.9,43.6,1.5,0.6,17.7,23.1,,8.9,2.3,11.3,0.177,,4.9,-1.1,3.8,4.5,8,Utah Jazz,54-28,0.659,13,14,3,17,6,9,10,12,15,12,11,15,15,2
14,Carmelo Anthony,2008,23,DEN,0,3,1260,0.002,SF,77,77,36.4,9.5,19.2,0.492,0.8,2.1,0.354,8.7,17.1,0.509,0.511,6,7.7,0.786,2.3,5.1,7.4,3.4,1.3,0.5,3.3,3.3,25.7,21.1,0.568,0.111,0.398,7,14.9,11,16.1,1.7,1,12.7,30.2,,5.2,3,8.2,0.14,,2.5,-0.9,1.6,2.5,11,Denver Nuggets,50-32,0.61,11,3,10,9,12,15,17,13,10,17,7,14,4,12
3,Paul Pierce,2008,30,BOS,0,1,1260,0.001,SF,80,80,35.9,6.4,13.7,0.464,1.8,4.6,0.392,4.6,9.2,0.499,0.529,5.1,6.1,0.843,0.7,4.5,5.1,4.5,1.3,0.5,2.8,2.5,19.6,19.6,0.599,0.332,0.442,2.3,14,8.5,21.8,1.9,1,14.4,24.8,,6.7,5.7,12.4,0.207,,3.3,1.4,4.8,5,1,Boston Celtics,66-16,0.805,15,11,7,12,5,8,7,15,10,8,7,11,13,6
13,Carlos Boozer,2008,26,UTA,0,1,1260,0.001,PF,81,81,34.9,8.8,16,0.547,0,0,0,8.8,16,0.547,0.547,3.6,4.9,0.738,2.4,8,10.4,2.9,1.2,0.5,2.6,3.6,21.1,21.9,0.581,0.001,0.303,8.6,27.7,18.2,14.2,1.8,1.2,12.5,26.6,,5.9,4.3,10.2,0.173,,2.5,0.3,2.8,3.5,8,Utah Jazz,54-28,0.659,10,8,12,3,9,13,14,15,10,14,9,9,9,4
15,Antawn Jamison,2008,31,WAS,0,1,1260,0.001,PF,79,79,38.7,7.8,17.9,0.436,1.5,4.5,0.339,6.3,13.5,0.468,0.478,4.2,5.5,0.76,2.7,7.5,10.2,1.5,1.3,0.4,1.4,2.5,21.4,20.3,0.525,0.25,0.309,8,23.3,15.4,7.2,1.9,0.9,6.6,25.9,,6,3.2,9.2,0.144,,3.1,-1.3,1.7,2.9,14,Washington Wizards,43-39,0.524,14,7,15,4,15,14,16,15,13,16,7,2,10,8
16,Rasheed Wallace,2008,33,DET,0,1,1260,0.001,C,77,76,30.5,4.9,11.3,0.432,1.5,4.1,0.356,3.4,7.2,0.476,0.497,1.5,1.9,0.767,1.1,5.5,6.6,1.8,1.2,1.7,1.1,2.8,12.7,17.2,0.523,0.362,0.172,4.3,21.8,13,9.7,2.1,4.3,8.4,20.5,,2.5,5.1,7.6,0.155,,1.5,2.6,4.1,3.6,2,Detroit Pistons,59-23,0.72,17,17,14,10,16,16,13,15,4,10,9,1,17,12
0,LeBron James,2009,24,CLE,109,1172,1210,0.969,SF,81,81,37.7,9.7,19.9,0.489,1.6,4.7,0.344,8.1,15.2,0.535,0.53,7.3,9.4,0.78,1.3,6.3,7.6,7.2,1.7,1.1,3,1.7,28.4,31.7,0.591,0.238,0.472,4.3,19,11.9,38,2.4,2.4,11,33.8,,13.7,6.5,20.3,0.318,,9.5,3.7,13.2,11.8,1,Cleveland Cavaliers,66-16,0.805,1,2,3,5,4,1,1,1,5,1,3,8,2,3
1,Kobe Bryant,2009,30,LAL,2,698,1210,0.577,SG,82,82,36.1,9.8,20.9,0.467,1.4,4.1,0.351,8.3,16.8,0.496,0.502,5.9,6.9,0.856,1.1,4.1,5.2,4.9,1.5,0.5,2.6,2.3,26.8,24.4,0.561,0.196,0.329,3.5,12.8,8.2,23.8,2.1,1,9.7,32.2,,8.6,4,12.7,0.206,,5.6,0.3,5.9,5.9,2,Los Angeles Lakers,65-17,0.793,5,3,6,8,9,6,5,2,7,5,4,4,3,1
2,Dwyane Wade,2009,27,MIA,7,680,1210,0.562,SG,79,79,38.6,10.8,22,0.491,1.1,3.5,0.317,9.7,18.5,0.524,0.516,7.5,9.8,0.765,1.1,3.9,5,7.5,2.2,1.3,3.4,2.3,30.2,30.4,0.574,0.16,0.443,3.5,12.2,7.8,40.3,3,2.8,11.6,36.2,,10.3,4.4,14.7,0.232,,8.2,2.4,10.6,9.6,14,Miami Heat,43-39,0.524,2,1,2,9,6,3,3,3,4,3,2,11,1,5
3,Dwight Howard,2009,23,ORL,1,328,1210,0.271,C,79,79,35.7,7.1,12.4,0.572,0,0,0,7.1,12.4,0.573,0.572,6.4,10.7,0.594,4.3,9.6,13.8,1.4,1,2.9,3,3.4,20.6,25.4,0.6,0.002,0.867,13.8,29.5,21.8,7.3,1.4,5.9,15.1,26.1,,6.2,7.6,13.8,0.234,,2.1,2.4,4.5,4.7,4,Orlando Magic,59-23,0.72,4,8,11,1,2,4,6,4,1,7,6,8,10,5
4,Chris Paul,2009,23,NOH,2,192,1210,0.159,PG,78,78,38.5,8.1,16.1,0.503,0.8,2.3,0.364,7.3,13.8,0.525,0.528,5.8,6.7,0.868,0.9,4.7,5.5,11,2.8,0.1,3,2.7,22.8,30,0.599,0.14,0.418,2.8,14.6,8.7,54.5,3.9,0.3,13.5,27.5,,13.3,5,18.3,0.292,,7.2,3.8,11,9.9,10,New Orleans Hornets,49-33,0.598,3,5,1,7,3,2,2,5,10,2,1,8,7,7
5,Paul Pierce,2009,31,BOS,0,21,1210,0.017,SF,81,81,37.5,6.7,14.6,0.457,1.5,3.8,0.391,5.2,10.8,0.48,0.508,5.7,6.8,0.83,0.7,5,5.6,3.6,1,0.3,2.8,2.7,20.5,17.7,0.582,0.257,0.468,2.4,15.4,9.2,16.3,1.4,0.7,13.8,25.4,,5.5,4.8,10.3,0.164,,2.4,0.7,3.1,3.9,3,Boston Celtics,62-20,0.756,11,9,7,6,5,9,9,6,8,10,6,6,11,3
6,Tony Parker,2009,26,SAS,0,9,1210,0.007,PG,72,71,34.1,8.9,17.5,0.506,0.3,0.9,0.292,8.6,16.6,0.518,0.513,3.9,5,0.782,0.4,2.7,3.1,6.9,0.9,0.1,2.6,1.5,22,23.4,0.556,0.051,0.287,1.3,9.4,5.4,40.1,1.5,0.1,11.6,31.7,,5.6,3,8.6,0.168,,3.8,-0.2,3.6,3.5,7,San Antonio Spurs,54-28,0.659,8,7,4,11,10,11,10,7,10,8,8,4,4,11
8,Brandon Roy,2009,24,POR,0,7,1210,0.006,SG,78,78,37.2,8.1,16.9,0.48,1.1,2.8,0.377,7.1,14.1,0.501,0.512,5.3,6.5,0.824,1.3,3.4,4.7,5.1,1.1,0.3,1.9,1.6,22.6,24,0.573,0.167,0.383,4.4,11.6,7.9,25.4,1.7,0.6,9,27.4,,10.9,2.6,13.5,0.223,,6,0.1,6.2,6,6,Portland Trail Blazers,54-28,0.659,7,6,5,10,7,5,4,8,8,4,5,1,8,7
7,Tim Duncan,2009,32,SAS,0,2,1210,0.002,C,75,75,33.7,7.4,14.8,0.504,0,0,0,7.4,14.7,0.505,0.504,4.5,6.4,0.692,2.7,8,10.7,3.5,0.5,1.7,2.2,2.3,19.3,24.4,0.549,0.002,0.436,9.6,27.9,18.9,19.3,0.8,3.7,11.1,28.5,,5,5,10.1,0.191,,3.4,2,5.4,4.7,7,San Antonio Spurs,54-28,0.659,5,11,8,2,11,10,6,9,3,6,10,3,6,10
9,Dirk Nowitzki,2009,30,DAL,0,3,1210,0.002,PF,81,81,37.7,9.6,20,0.479,0.8,2.1,0.359,8.8,17.9,0.493,0.498,6,6.7,0.89,1.1,7.3,8.4,2.4,0.8,0.8,1.9,2.2,25.9,23.1,0.564,0.105,0.337,3.3,22.1,12.8,12.1,1,1.5,7.8,30.3,,7.5,3.4,10.9,0.171,,3.7,-0.3,3.4,4.2,9,Dallas Mavericks,50-32,0.61,9,4,9,4,8,7,8,9,6,9,9,1,5,3
10,Yao Ming,2009,28,HOU,0,1,1210,0.001,C,77,77,33.6,7.4,13.4,0.548,0,0,1,7.3,13.4,0.548,0.549,4.9,5.7,0.866,2.6,7.2,9.9,1.8,0.4,1.9,3,3.3,19.7,22.7,0.618,0.001,0.426,9.6,24.1,17.1,10,0.6,4.2,16,26.2,,5.6,5,10.6,0.196,,1.6,1.6,3.1,3.3,8,Houston Rockets,53-29,0.646,10,10,10,3,1,8,11,11,2,10,11,8,9,9
0,LeBron James,2010,25,CLE,116,1205,1230,0.98,SF,76,76,39,10.1,20.1,0.503,1.7,5.1,0.333,8.4,15,0.56,0.545,7.8,10.2,0.767,0.9,6.4,7.3,8.6,1.6,1,3.4,1.6,29.7,31.1,0.604,0.253,0.506,3,18.5,11.1,41.8,2.2,2,12.3,33.5,,13.3,5.2,18.5,0.299,,9.1,2.8,11.8,10.3,1,Cleveland Cavaliers,61-21,0.744,1,2,3,6,5,1,1,1,5,1,2,13,2,8
1,Kevin Durant,2010,21,OKC,4,609,1230,0.495,SF,82,82,39.5,9.7,20.3,0.476,1.6,4.3,0.365,8.1,16.1,0.506,0.514,9.2,10.2,0.9,1.3,6.3,7.6,2.8,1.4,1,3.3,2.1,30.1,26.2,0.607,0.21,0.504,3.8,17.9,11,13.5,1.8,1.9,11.7,32,,11.1,5,16.1,0.238,,6.3,0.8,7.1,7.5,10,Oklahoma City Thunder,50-32,0.61,3,1,10,5,4,2,3,2,5,3,4,10,5,2
2,Kobe Bryant,2010,31,LAL,0,599,1230,0.487,SG,73,73,38.8,9.8,21.5,0.456,1.4,4.1,0.329,8.5,17.4,0.487,0.488,6,7.4,0.811,1.1,4.3,5.4,5,1.5,0.3,3.2,2.6,27,21.9,0.545,0.192,0.345,3.1,12.2,7.7,23.8,2.1,0.5,11.4,32.3,,5.4,4,9.4,0.16,,3.9,0.2,4.1,4.4,3,Los Angeles Lakers,57-25,0.695,10,4,6,8,13,12,7,3,9,8,3,8,4,11
3,Dwight Howard,2010,24,ORL,3,478,1230,0.389,C,82,82,34.7,6.2,10.2,0.612,0,0.1,0,6.2,10.1,0.617,0.612,5.9,10,0.592,3.5,9.7,13.2,1.8,0.9,2.8,3.3,3.5,18.3,24,0.63,0.008,0.978,12,31.3,22,8.7,1.4,6,18.7,23.9,,6.1,7.1,13.2,0.223,,1.6,2.8,4.4,4.6,2,Orlando Magic,59-23,0.72,5,12,13,1,1,3,6,4,1,5,10,10,12,2
4,Dwyane Wade,2010,28,MIA,0,119,1230,0.097,SG,77,77,36.3,9.3,19.6,0.476,0.9,3.2,0.3,8.4,16.5,0.509,0.5,6.9,9.1,0.761,1.4,3.5,4.8,6.5,1.8,1.1,3.3,2.4,26.6,28,0.562,0.161,0.465,4.5,11.1,7.8,36.4,2.7,2.4,12.2,34.9,,8.5,4.6,13,0.224,,7.1,2.1,9.2,7.9,13,Miami Heat,47-35,0.573,2,5,4,9,11,4,2,5,2,2,1,10,1,6
5,Carmelo Anthony,2010,25,DEN,0,65,1230,0.053,SF,69,69,38.2,10,21.8,0.458,0.9,2.7,0.316,9.1,19.1,0.478,0.478,7.4,8.9,0.83,2.2,4.4,6.6,3.2,1.3,0.4,3,3.3,28.2,22.2,0.548,0.125,0.407,6.7,13.1,9.9,15.9,1.7,0.9,10.6,33.4,,5.6,2.4,7.9,0.145,,3.5,-1.2,2.3,2.9,7,Denver Nuggets,53-29,0.646,9,3,9,7,12,14,13,6,8,13,6,7,3,14
7,Dirk Nowitzki,2010,31,DAL,0,55,1230,0.045,PF,81,80,37.5,8.9,18.5,0.481,0.6,1.5,0.421,8.3,17,0.487,0.498,6.6,7.2,0.915,1,6.7,7.7,2.7,0.9,1,1.8,2.6,25,22.9,0.578,0.081,0.392,3.1,20.1,11.7,13,1.2,2,7.8,28.8,,8.4,3.9,12.3,0.194,,3.7,0.5,4.2,4.7,4,Dallas Mavericks,55-27,0.671,6,6,11,4,9,5,4,7,5,7,10,1,6,4
8,Steve Nash,2010,35,PHO,0,49,1230,0.04,PG,81,81,32.8,6.2,12.2,0.507,1.5,3.6,0.426,4.6,8.6,0.54,0.57,2.6,2.8,0.938,0.4,2.9,3.3,11,0.5,0.1,3.6,1.3,16.5,21.6,0.615,0.295,0.228,1.5,9.4,5.7,50.9,0.8,0.3,21.4,22.9,,9.1,0.8,9.9,0.178,,6.1,-1.8,4.3,4.2,5,Phoenix Suns,54-28,0.659,11,13,1,13,2,8,8,8,13,6,14,14,14,4
10,Deron Williams,2010,25,UTA,0,7,1230,0.006,PG,76,76,36.9,6.5,13.9,0.469,1.3,3.4,0.371,5.2,10.4,0.501,0.515,4.4,5.5,0.801,0.7,3.3,4,10.5,1.3,0.2,3.3,2.7,18.7,20.6,0.574,0.246,0.397,2.2,10.4,6.4,44.5,1.8,0.5,16.9,23.8,,7.4,3,10.3,0.177,,4.2,-0.4,3.8,4.1,8,Utah Jazz,53-29,0.646,12,11,2,11,10,7,9,9,11,9,6,10,13,8
9,Amar'e Stoudemire,2010,27,PHO,0,5,1230,0.004,PF,82,82,34.6,8.6,15.4,0.557,0,0.1,0.167,8.6,15.3,0.559,0.557,5.9,7.7,0.771,2.8,6.1,8.9,1,0.6,1,2.6,3.4,23.1,22.6,0.615,0.005,0.5,9.7,18.9,14.5,4.8,0.9,2.1,12.1,27.3,,8.2,2.5,10.7,0.181,,2.1,-1.1,1,2.2,5,Phoenix Suns,54-28,0.659,7,8,14,3,2,6,14,10,5,14,12,6,8,2
11,Manu Ginóbili,2010,32,SAS,0,3,1230,0.002,SG,75,21,28.7,5.3,12,0.441,1.8,4.7,0.377,3.5,7.4,0.481,0.514,4.1,4.7,0.87,0.9,2.9,3.8,4.9,1.4,0.3,2.1,2.1,16.5,22.5,0.584,0.388,0.393,3.8,11.6,7.7,28.2,2.5,0.8,12.7,25.8,,6.5,3.2,9.7,0.216,,5.1,1.6,6.7,4.7,12,San Antonio Spurs,50-32,0.61,8,13,7,12,8,9,4,11,9,4,4,3,10,10
6,Chauncey Billups,2010,33,DEN,0,1,1230,0.001,PG,73,73,34.1,5.5,13.2,0.418,2.2,5.6,0.386,3.4,7.6,0.441,0.499,6.4,7,0.91,0.3,2.8,3.1,5.6,1.1,0.1,2.4,2.1,19.5,20.2,0.601,0.423,0.532,1.2,9.3,5.3,26.1,1.7,0.3,13,24.3,,7.7,1.7,9.5,0.182,,4.5,-0.8,3.7,3.6,7,Denver Nuggets,53-29,0.646,13,10,5,14,6,11,10,13,13,10,8,4,11,11
12,Chris Bosh,2010,25,TOR,0,1,1230,0.001,C,70,70,36.1,8.6,16.5,0.518,0.1,0.3,0.364,8.5,16.2,0.521,0.522,6.7,8.4,0.797,2.9,7.9,10.8,2.4,0.6,1,2.4,2.4,24,25,0.592,0.019,0.509,9.9,25.2,17.7,11.5,0.9,2.1,10.7,28.7,,7.9,1.7,9.6,0.182,,4.8,-1.2,3.6,3.6,19,Toronto Raptors,40-42,0.488,4,7,12,2,7,10,10,13,5,11,12,4,7,13
13,Joe Johnson,2010,28,ATL,0,1,1230,0.001,SG,76,76,38,8.4,18.2,0.458,1.7,4.6,0.369,6.7,13.6,0.488,0.505,2.9,3.5,0.818,1,3.7,4.6,4.9,1.1,0.1,1.9,1.9,21.3,19.3,0.538,0.253,0.194,3,11.4,7.1,22,1.5,0.1,8.8,26.3,,6,2.4,8.4,0.14,,3.4,-0.7,2.7,3.4,6,Atlanta Hawks,53-29,0.646,14,9,7,10,14,13,12,13,13,12,8,2,9,8
0,Derrick Rose,2011,22,CHI,113,1182,1210,0.977,PG,81,81,37.4,8.8,19.7,0.445,1.6,4.8,0.332,7.2,15,0.481,0.485,5.9,6.9,0.858,1,3.1,4.1,7.7,1,0.6,3.4,1.7,25,23.5,0.55,0.241,0.348,3.2,9.4,6.4,38.7,1.5,1.3,13.1,32.2,,8.3,4.8,13.1,0.208,,6.3,0.5,6.8,6.7,1,Chicago Bulls,62-20,0.756,7,6,3,10,10,4,2,1,6,3,10,10,2,3
1,Dwight Howard,2011,25,ORL,3,643,1210,0.531,C,78,78,37.6,7.9,13.4,0.593,0,0.1,0,7.9,13.3,0.597,0.593,7,11.7,0.596,4,10.1,14.1,1.4,1.4,2.4,3.6,3.3,22.9,26.1,0.616,0.007,0.877,12.6,30.6,21.8,6.8,1.9,4.9,16.2,27.2,,6.7,7.7,14.4,0.235,,2.9,2.4,5.3,5.4,8,Orlando Magic,52-30,0.634,2,8,13,1,1,2,5,2,1,6,6,12,9,8
2,LeBron James,2011,26,MIA,4,522,1210,0.431,SF,79,79,38.8,9.6,18.8,0.51,1.2,3.5,0.33,8.4,15.3,0.552,0.541,6.4,8.4,0.759,1,6.5,7.5,7,1.6,0.6,3.6,2.1,26.7,27.3,0.594,0.188,0.446,3.3,18.7,11.4,34.9,2.1,1.3,13.8,31.5,,10.3,5.3,15.6,0.244,,6.3,1.8,8.1,7.8,3,Miami Heat,58-24,0.707,1,2,4,4,3,1,1,3,6,1,3,12,4,6
4,Kobe Bryant,2011,32,LAL,1,428,1210,0.354,SG,82,82,33.9,9,20,0.451,1.4,4.3,0.323,7.6,15.6,0.487,0.487,5.9,7.1,0.828,1,4.1,5.1,4.7,1.2,0.1,3,2.1,25.3,23.9,0.548,0.217,0.356,3.5,13.3,8.5,26.7,1.9,0.3,11.4,35.1,,6.8,3.5,10.3,0.178,,5.4,-0.2,5.2,5,5,Los Angeles Lakers,57-25,0.695,4,4,7,8,12,8,7,4,11,7,7,7,1,1
5,Kevin Durant,2011,22,OKC,0,190,1210,0.157,SF,78,78,38.9,9.1,19.7,0.462,1.9,5.3,0.35,7.3,14.4,0.504,0.509,7.6,8.7,0.88,0.7,6.1,6.8,2.7,1.1,1,2.8,2,27.7,23.6,0.589,0.269,0.439,2.3,17.7,10.3,13.2,1.5,1.8,10.6,30.6,,8.6,3.3,12,0.189,,5.2,-0.3,4.9,5.3,7,Oklahoma City Thunder,55-27,0.671,6,1,10,6,4,6,6,5,4,9,9,6,6,8
6,Dirk Nowitzki,2011,32,DAL,0,113,1210,0.093,PF,73,73,34.3,8.4,16.2,0.517,0.9,2.3,0.393,7.5,13.8,0.538,0.545,5.4,6.1,0.892,0.7,6.3,7,2.6,0.5,0.6,1.9,2.4,23,23.4,0.612,0.142,0.376,2.4,20.8,12,14.2,0.8,1.4,9.1,28.2,,7.8,3.3,11.1,0.213,,4.3,0.8,5.1,4.5,4,Dallas Mavericks,57-25,0.695,8,7,11,5,2,7,8,6,6,8,13,1,7,12
3,Dwyane Wade,2011,29,MIA,0,24,1210,0.02,SG,76,76,37.1,9.1,18.2,0.5,0.8,2.7,0.306,8.3,15.5,0.534,0.523,6.5,8.6,0.758,1.6,4.8,6.4,4.6,1.5,1.1,3.1,2.6,25.5,25.6,0.581,0.149,0.471,5.5,14.4,10.2,23.5,2.1,2.4,12.4,31.6,,8.1,4.7,12.8,0.218,,5.5,1.1,6.6,6.1,3,Miami Heat,58-24,0.707,3,3,8,7,5,5,4,7,3,4,4,8,3,11
7,Manu Ginóbili,2011,33,SAS,0,20,1210,0.017,SG,80,79,30.3,5.5,12.7,0.433,1.9,5.5,0.349,3.6,7.2,0.497,0.509,4.5,5.1,0.871,0.5,3.2,3.7,4.9,1.5,0.4,2.2,2,17.4,21.7,0.581,0.433,0.403,2.1,11.8,7.1,26.4,2.6,0.8,12.7,26,,6.6,3.2,9.9,0.195,,4.1,1.3,5.4,4.5,2,San Antonio Spurs,61-21,0.744,11,11,6,12,5,9,8,8,9,5,4,2,10,4
9,Amar'e Stoudemire,2011,28,NYK,0,9,1210,0.007,C,78,78,36.8,9.5,19,0.502,0.1,0.3,0.435,9.4,18.7,0.503,0.505,6.1,7.7,0.792,2.5,5.6,8.2,2.6,0.9,1.9,3.2,3.5,25.3,22.7,0.565,0.016,0.403,7.8,17.6,12.7,13.2,1.2,3.8,12.5,30.9,,5.4,2.6,8,0.134,,2,-0.6,1.4,2.4,15,New York Knicks,42-40,0.512,9,4,11,3,9,12,12,9,2,13,11,9,5,8
10,Blake Griffin,2011,21,LAC,0,5,1210,0.004,PF,82,82,38,8.5,16.8,0.506,0.1,0.3,0.292,8.4,16.5,0.51,0.508,5.4,8.5,0.642,3.3,8.8,12.1,3.8,0.8,0.5,2.7,3.1,22.5,21.9,0.549,0.017,0.505,10.2,26.9,18.6,18.7,1,1.1,11.7,27.3,,6.5,3.4,9.8,0.152,,3,-0.3,2.6,3.6,23,Los Angeles Clippers,32-50,0.39,10,9,9,2,11,10,10,10,8,11,12,5,8,1
11,Rajon Rondo,2011,24,BOS,0,5,1210,0.004,PG,68,68,37.2,4.7,9.9,0.475,0.1,0.6,0.233,4.5,9.2,0.491,0.482,1.1,1.9,0.568,1.3,3.1,4.4,11.2,2.3,0.2,3.4,1.8,10.6,17.1,0.495,0.064,0.197,4.5,9.7,7.2,47.1,3.2,0.3,24.3,18.3,,1.8,4.8,6.6,0.126,,1.6,1.4,3.1,3.2,6,Boston Celtics,56-26,0.683,13,13,1,9,13,13,11,10,10,10,2,10,13,13
8,Tony Parker,2011,28,SAS,0,3,1210,0.002,PG,78,78,32.4,7.1,13.7,0.519,0.3,0.9,0.357,6.8,12.8,0.531,0.531,3,3.9,0.769,0.4,2.7,3.1,6.6,1.2,0,2.6,1.7,17.5,20.4,0.569,0.065,0.283,1.4,9.3,5.5,35.2,1.9,0.1,14.3,25.5,,5.8,2.4,8.2,0.156,,2.3,-0.4,1.8,2.4,2,San Antonio Spurs,61-21,0.744,12,10,5,13,8,11,12,12,13,12,7,4,11,8
12,Chris Paul,2011,25,NOH,0,2,1210,0.002,PG,80,80,36,5.4,11.6,0.463,0.9,2.3,0.388,4.5,9.3,0.482,0.502,4.2,4.8,0.878,0.5,3.6,4.1,9.8,2.4,0.1,2.2,2.5,15.9,23.7,0.578,0.197,0.414,1.6,12.3,6.9,45.8,3.5,0.1,13.9,21.1,,9.5,4.4,13.9,0.232,,4.4,2.8,7.1,6.7,12,New Orleans Hornets,46-36,0.561,5,12,2,10,7,3,2,12,11,2,1,2,12,4
0,LeBron James,2012,27,MIA,85,1074,1210,0.888,SF,62,62,37.5,10,18.9,0.531,0.9,2.4,0.362,9.1,16.5,0.556,0.554,6.2,8.1,0.771,1.5,6.4,7.9,6.2,1.9,0.8,3.4,1.5,27.1,30.7,0.605,0.127,0.429,5,19.7,12.6,33.6,2.6,1.7,13.3,32,,10,4.5,14.5,0.298,,8.2,2.7,10.9,7.6,4,Miami Heat,46-20,0.697,1,3,6,5,3,1,1,1,5,1,2,10,3,4
2,Kevin Durant,2012,23,OKC,24,889,1210,0.735,SF,66,66,38.6,9.7,19.7,0.496,2,5.2,0.387,7.7,14.4,0.535,0.547,6.5,7.6,0.86,0.6,7.4,8,3.5,1.3,1.2,3.8,2,28,26.2,0.61,0.265,0.386,1.9,20.4,11.8,17.5,1.8,2.2,14,31.3,,8.5,3.7,12.2,0.23,,6.2,0.8,7,5.8,3,Oklahoma City Thunder,47-19,0.712,4,1,11,4,2,3,3,2,4,4,7,15,4,1
4,Chris Paul,2012,26,LAC,6,385,1210,0.318,PG,60,60,36.4,7.1,14.8,0.478,1.3,3.6,0.371,5.8,11.3,0.511,0.522,4.3,5,0.861,0.7,2.9,3.6,9.1,2.5,0.1,2.1,2.3,19.8,27,0.581,0.239,0.339,2.3,9.4,5.8,43.8,3.8,0.2,10.8,24.3,,10.4,2.3,12.7,0.278,,6.7,2.4,9.2,6.1,9,Los Angeles Clippers,40-26,0.606,2,10,3,12,4,2,2,3,13,2,1,4,13,7
5,Kobe Bryant,2012,33,LAL,2,352,1210,0.291,SG,58,58,38.5,9.9,23,0.43,1.5,4.9,0.303,8.4,18.1,0.464,0.462,6.6,7.8,0.845,1.1,4.3,5.4,4.6,1.2,0.3,3.5,1.8,27.9,21.9,0.527,0.215,0.338,3.5,11.8,7.8,23.7,1.6,0.6,11.7,35.7,,4.2,2,6.2,0.132,,4.2,-0.9,3.3,2.9,6,Los Angeles Lakers,41-25,0.621,11,2,8,7,14,11,9,4,9,10,8,11,1,9
6,Tony Parker,2012,29,SAS,4,331,1210,0.274,PG,60,60,32.1,7.1,14.8,0.48,0.2,1,0.23,6.9,13.8,0.498,0.488,3.8,4.7,0.799,0.4,2.5,2.9,7.7,1,0.1,2.6,1.3,18.3,22,0.539,0.069,0.319,1.3,8.7,5.1,40.3,1.5,0.2,13.1,27.7,,5.5,1.6,7.1,0.177,,3.6,-0.9,2.7,2.3,2,San Antonio Spurs,50-16,0.758,10,12,5,15,10,9,12,5,13,13,9,6,9,7
8,Kevin Love,2012,23,MIN,0,58,1210,0.048,PF,55,55,39,8.6,19.3,0.448,1.9,5.1,0.372,6.7,14.1,0.475,0.497,6.9,8.4,0.824,4.1,9.2,13.3,2,0.9,0.5,2.3,2.8,26,25.4,0.568,0.266,0.434,11.6,26.4,19,10,1.1,0.9,9.2,28.8,,7.6,2.3,10,0.223,,6.1,-0.9,5.2,3.9,21,Minnesota Timberwolves,26-40,0.394,5,4,14,2,6,4,5,6,7,6,10,5,8,11
9,Dwight Howard,2012,26,ORL,0,13,1210,0.011,C,54,54,38.3,7.7,13.4,0.573,0,0.1,0,7.7,13.3,0.579,0.573,5.2,10.6,0.491,3.7,10.8,14.5,1.9,1.5,2.1,3.2,2.9,20.6,24.2,0.569,0.01,0.788,11,33.1,21.9,9.8,2.1,4.4,15.2,26.1,,3.3,4.4,7.7,0.179,,2.2,2,4.3,3.3,12,Orlando Magic,37-29,0.561,6,9,15,1,5,6,6,7,1,7,6,9,11,12
10,Rajon Rondo,2012,25,BOS,0,12,1210,0.01,PG,53,53,36.9,4.8,10.8,0.448,0.2,0.8,0.238,4.6,10,0.464,0.456,2,3.4,0.597,1.2,3.7,4.8,11.7,1.8,0.1,3.6,1.9,11.9,17.5,0.483,0.073,0.316,3.9,11.2,7.7,52.5,2.6,0.1,22.8,20.7,,1.5,3.4,4.9,0.121,,1.5,0.6,2.2,2.1,10,Boston Celtics,39-27,0.591,15,15,1,8,15,15,15,8,13,14,3,12,14,13
11,Steve Nash,2012,37,PHO,0,7,1210,0.006,PG,62,62,31.6,4.8,9,0.532,0.9,2.3,0.39,3.9,6.7,0.58,0.581,2,2.3,0.894,0.4,2.6,3,10.7,0.6,0.1,3.7,0.9,12.5,20.3,0.625,0.254,0.256,1.5,9.1,5.3,53.1,1,0.3,27.1,19.6,,5.2,0.6,5.9,0.144,,4.7,-1.2,3.4,2.7,18,Phoenix Suns,33-33,0.5,13,14,2,14,1,13,11,9,13,9,15,14,15,4
1,Dwyane Wade,2012,30,MIA,0,6,1210,0.005,SG,49,49,33.2,8.5,17.1,0.497,0.3,1.1,0.268,8.2,15.9,0.513,0.506,4.8,6.1,0.791,1.5,3.3,4.8,4.6,1.7,1.3,2.6,2.2,22.1,26.3,0.559,0.067,0.355,5.6,11.6,8.7,27.3,2.7,3.1,11.8,31.3,,4.8,2.9,7.7,0.227,,6,1.9,7.9,4,4,Miami Heat,46-20,0.697,3,6,8,8,8,6,4,10,3,3,4,6,4,14
12,Derrick Rose,2012,23,CHI,0,5,1210,0.004,PG,39,39,35.3,7.7,17.8,0.435,1.4,4.4,0.312,6.4,13.4,0.475,0.473,5,6.1,0.812,0.7,2.7,3.4,7.9,0.9,0.7,3.1,1.3,21.8,23,0.532,0.249,0.344,2.1,8.4,5.3,40.3,1.4,1.4,12.9,30.5,,4.1,2,6,0.211,,6.1,0.3,6.4,2.9,1,Chicago Bulls,50-16,0.758,7,7,4,13,12,12,9,11,6,5,10,8,6,15
3,Russell Westbrook,2012,23,OKC,0,4,1210,0.003,PG,66,66,35.3,8.8,19.2,0.457,0.9,3,0.316,7.8,16.2,0.482,0.481,5.2,6.3,0.823,1.5,3.1,4.6,5.5,1.7,0.3,3.6,2.2,23.6,22.9,0.538,0.155,0.326,5,9.4,7.4,29.8,2.5,0.7,14.2,32.7,,5.5,2.4,7.9,0.163,,3.7,-0.7,3,3,3,Oklahoma City Thunder,47-19,0.712,8,5,7,10,11,5,7,12,9,12,4,12,2,1
13,Dirk Nowitzki,2012,33,DAL,0,4,1210,0.003,PF,62,62,33.5,7.6,16.7,0.457,1.3,3.4,0.368,6.4,13.3,0.481,0.495,5.1,5.7,0.896,0.7,6,6.7,2.2,0.7,0.5,1.9,2.1,21.6,21.7,0.564,0.205,0.343,2.5,19.9,11.3,12.6,1.1,1.2,9,29.2,,5,2.6,7.6,0.175,,3.7,0.1,3.7,3,13,Dallas Mavericks,36-30,0.545,12,8,13,6,7,8,7,12,7,8,13,2,7,4
7,Tim Duncan,2012,35,SAS,0,3,1210,0.002,C,58,58,28.2,6.2,12.6,0.492,0,0.1,0,6.2,12.6,0.495,0.492,3,4.3,0.695,1.9,7.1,9,2.3,0.7,1.5,1.7,1.7,15.4,22.5,0.531,0.005,0.34,7.9,28.2,18.3,13.5,1.2,3.9,10.3,26.2,,3,2.9,5.9,0.174,,2,1.3,3.3,2.2,2,San Antonio Spurs,50-16,0.758,9,13,12,3,13,13,13,14,2,10,13,1,10,9
14,Joe Johnson,2012,30,ATL,0,1,1210,0.001,SG,60,60,35.5,7.1,15.5,0.454,2.1,5.4,0.388,5,10.2,0.489,0.521,2.6,3.1,0.849,0.9,2.8,3.7,3.9,0.8,0.2,1.9,1.3,18.8,18.4,0.557,0.346,0.2,2.9,9.2,6.1,19.7,1.2,0.5,10.3,24.9,,4.4,2.1,6.4,0.145,,3.1,-1,2.1,2.2,8,Atlanta Hawks,40-26,0.606,14,11,10,11,9,10,13,15,11,15,12,2,12,7
0,LeBron James,2013,28,MIA,120,1207,1210,0.998,PF,76,76,37.9,10.1,17.8,0.565,1.4,3.3,0.406,8.7,14.5,0.602,0.603,5.3,7,0.753,1.3,6.8,8,7.3,1.7,0.9,3,1.4,26.8,31.6,0.64,0.188,0.395,4.4,20.8,13.1,36.4,2.4,1.9,12.4,30.2,,14.6,4.7,19.3,0.322,,9.3,2.4,11.7,9.9,1,Miami Heat,66-16,0.805,1,4,4,4,2,1,1,1,5,1,5,11,4,8
2,Kevin Durant,2013,24,OKC,0,765,1210,0.632,SF,81,81,38.5,9,17.7,0.51,1.7,4.1,0.416,7.3,13.6,0.539,0.559,8.4,9.3,0.905,0.6,7.3,7.9,4.6,1.4,1.3,3.5,1.8,28.1,28.3,0.647,0.233,0.523,1.8,20.3,11.8,21.7,1.9,2.6,13.7,29.8,,13.6,5.3,18.9,0.291,,7.6,1.7,9.3,8.9,2,Oklahoma City Thunder,60-22,0.732,2,2,10,5,1,2,2,2,4,2,8,14,5,2
4,Carmelo Anthony,2013,28,NYK,1,475,1210,0.393,PF,67,67,37,10,22.2,0.449,2.3,6.2,0.379,7.6,16,0.476,0.502,6.3,7.6,0.83,2,4.9,6.9,2.6,0.8,0.5,2.6,3.1,28.7,24.8,0.56,0.278,0.344,6.1,15.9,10.8,14.1,1.1,1.1,9.3,35.6,,7.5,2,9.5,0.184,,6,-1.7,4.3,3.9,7,New York Knicks,54-28,0.659,4,1,15,8,10,10,9,3,8,11,14,7,1,14
5,Chris Paul,2013,27,LAC,0,289,1210,0.239,PG,70,70,33.4,5.9,12.2,0.481,1.1,3.3,0.328,4.8,8.9,0.538,0.526,4.1,4.6,0.885,0.8,3,3.7,9.7,2.4,0.1,2.3,2,16.9,26.4,0.594,0.271,0.377,2.8,10.5,6.7,46.5,3.8,0.4,13.7,22.6,,10.6,3.4,13.9,0.287,,6.4,2.4,8.8,6.4,5,Los Angeles Clippers,56-26,0.683,3,12,1,14,4,3,3,4,15,3,1,4,13,10
6,Kobe Bryant,2013,34,LAL,0,184,1210,0.152,SG,78,78,38.6,9.5,20.4,0.463,1.7,5.2,0.324,7.8,15.2,0.51,0.504,6.7,8,0.839,0.8,4.7,5.6,6,1.4,0.3,3.7,2.2,27.3,23,0.57,0.255,0.392,2.5,13.1,7.9,29.7,1.8,0.6,13.3,31.9,,8.4,2.6,10.9,0.174,,4.7,-0.1,4.6,5,13,Los Angeles Lakers,45-37,0.549,9,3,7,9,8,8,7,5,11,8,8,15,3,6
7,Tony Parker,2013,30,SAS,0,86,1210,0.071,PG,66,66,32.9,7.9,15.1,0.522,0.4,1,0.353,7.5,14,0.534,0.534,4.2,5,0.845,0.3,2.7,3,7.6,0.8,0.1,2.6,1.4,20.3,23,0.588,0.068,0.332,1,9.1,5.3,40.4,1.3,0.2,13,27.7,,7.1,2.3,9.3,0.206,,4.1,-0.5,3.6,3.1,3,San Antonio Spurs,58-24,0.707,9,9,2,15,6,11,13,6,15,12,14,7,9,15
8,Tim Duncan,2013,36,SAS,0,65,1210,0.054,C,69,69,30.1,7.1,14.1,0.502,0,0.1,0.286,7.1,14,0.504,0.503,3.6,4.3,0.817,1.8,8.1,9.9,2.7,0.7,2.7,2.1,1.7,17.8,24.4,0.554,0.007,0.307,7.3,29.6,19.1,15.5,1.2,6.4,11.7,27.8,,3.4,4.9,8.3,0.191,,2.4,2.9,5.3,3.8,3,San Antonio Spurs,58-24,0.707,5,11,14,3,12,13,10,7,1,6,16,3,8,11
9,James Harden,2013,23,HOU,0,33,1210,0.027,SG,78,78,38.3,7.5,17.1,0.438,2.3,6.2,0.368,5.2,10.9,0.477,0.504,8.6,10.2,0.851,0.8,4.1,4.9,5.8,1.8,0.5,3.8,2.3,25.9,23,0.6,0.364,0.592,2.4,11.9,7.2,25.7,2.4,1,14.9,29,,9.8,3,12.8,0.206,,5.2,0.5,5.6,5.8,12,Houston Rockets,45-37,0.549,9,5,8,12,3,4,4,8,8,4,3,16,7,6
3,Russell Westbrook,2013,24,OKC,0,9,1210,0.007,PG,82,82,34.9,8.2,18.7,0.438,1.2,3.7,0.323,7,15.1,0.466,0.47,5.6,7,0.8,1.4,3.9,5.2,7.4,1.8,0.3,3.3,2.3,23.2,23.9,0.532,0.195,0.375,4.8,11.8,8.6,38.4,2.6,0.6,13.2,32.8,,7.7,3.9,11.6,0.195,,4.6,-0.2,4.4,4.6,2,Oklahoma City Thunder,60-22,0.732,7,6,3,10,16,5,8,9,11,9,3,13,2,1
1,Dwyane Wade,2013,31,MIA,0,5,1210,0.004,SG,69,69,34.7,8.2,15.8,0.521,0.2,1,0.258,8,14.9,0.537,0.528,4.5,6.2,0.725,1.2,3.7,5,5.1,1.9,0.8,2.8,2,21.2,24,0.571,0.06,0.389,4.7,12.6,8.9,26.6,2.8,1.9,13.2,29.5,,6.1,3.5,9.6,0.192,,3.7,0.7,4.4,3.8,1,Miami Heat,66-16,0.805,6,8,9,11,7,9,10,10,7,9,2,10,6,11
10,Stephen Curry,2013,24,GSW,0,3,1210,0.002,PG,78,78,38.2,8,17.8,0.451,3.5,7.7,0.453,4.5,10.1,0.449,0.549,3.4,3.7,0.9,0.8,3.3,4,6.9,1.6,0.2,3.1,2.5,22.9,21.3,0.589,0.432,0.21,2.3,9.1,5.8,31.1,2.1,0.3,13.7,26.4,,8.4,2.8,11.2,0.18,,5.3,0.1,5.4,5.6,10,Golden State Warriors,47-35,0.573,11,7,5,13,5,7,5,11,13,5,6,12,10,6
11,David Lee,2013,29,GSW,0,1,1210,0.001,PF,79,79,36.8,7.6,14.7,0.519,0,0.1,0,7.6,14.6,0.521,0.519,3.2,4.1,0.797,2.8,8.5,11.2,3.5,0.8,0.3,2.6,3.1,18.5,19.2,0.561,0.003,0.276,8.5,24.5,16.8,16.5,1.2,0.6,13.7,23.2,,5.4,3.7,9.1,0.15,,1.4,0.4,1.8,2.8,10,Golden State Warriors,47-35,0.573,13,10,13,1,9,12,14,14,11,16,14,7,12,4
12,Kevin Garnett,2013,36,BOS,0,1,1210,0.001,C,68,68,29.7,6.2,12.5,0.496,0,0.2,0.125,6.2,12.3,0.504,0.498,2.3,3,0.786,1.1,6.7,7.8,2.3,1.1,0.9,1.6,2.3,14.8,19.2,0.535,0.019,0.236,4.5,25.8,15.5,14.4,2,2.4,10.5,24.5,,1.8,3.8,5.6,0.133,,0.9,1.7,2.6,2.3,16,Boston Celtics,41-40,0.506,13,14,16,6,14,16,16,14,5,14,11,1,11,13
13,Marc Gasol,2013,28,MEM,0,1,1210,0.001,C,80,80,35,5.4,10.9,0.494,0,0.2,0.071,5.4,10.7,0.501,0.494,3.4,4,0.848,2.3,5.5,7.8,4,1,1.7,2,3.2,14.1,19.5,0.559,0.016,0.364,7.6,18.9,13.1,19.1,1.6,4.1,13.5,19.2,,6.1,5.4,11.5,0.197,,2.1,3.1,5.2,5.1,6,Memphis Grizzlies,56-26,0.683,12,15,11,6,11,6,6,14,3,7,12,2,15,3
14,Ty Lawson,2013,25,DEN,0,1,1210,0.001,PG,73,71,34.4,6.1,13.3,0.461,1.2,3.2,0.366,5,10.1,0.491,0.505,3.2,4.3,0.756,0.5,2.2,2.7,6.9,1.5,0.1,2.5,1.8,16.7,17.9,0.549,0.239,0.32,1.6,7.1,4.4,30.2,2.1,0.2,14.1,22.3,,5.6,1.8,7.4,0.141,,2.5,-0.5,2,2.5,4,Denver Nuggets,57-25,0.695,16,13,5,16,13,14,15,14,15,15,7,5,14,9
15,Joakim Noah,2013,27,CHI,0,1,1210,0.001,C,66,64,36.8,4.6,9.5,0.481,0,0.1,0,4.6,9.5,0.485,0.481,2.7,3.6,0.751,3.9,7.2,11.1,4,1.2,2.1,2.7,2.8,11.9,18.1,0.534,0.008,0.376,12.2,22.6,17.3,17.6,1.7,4.4,19.3,17.2,,2.7,4.7,7.3,0.145,,0.6,2.7,3.4,3.3,11,Chicago Bulls,45-37,0.549,15,16,11,2,15,15,12,14,2,13,10,9,16,15
0,Kevin Durant,2014,25,OKC,119,1232,1250,0.986,SF,81,81,38.5,10.5,20.8,0.503,2.4,6.1,0.391,8.1,14.8,0.549,0.56,8.7,9.9,0.873,0.7,6.7,7.4,5.5,1.3,0.7,3.5,2.1,32,29.8,0.635,0.291,0.477,2.2,18.6,10.8,26.7,1.7,1.5,12.2,33,,14.8,4.4,19.2,0.295,,8.8,1.4,10.2,9.6,2,Oklahoma City Thunder,59-23,0.72,1,1,8,8,2,1,1,1,5,1,8,14,1,1
1,LeBron James,2014,29,MIA,6,891,1250,0.713,PF,77,77,37.7,10,17.6,0.567,1.5,4,0.379,8.5,13.6,0.622,0.61,5.7,7.6,0.75,1.1,5.9,6.9,6.3,1.6,0.3,3.5,1.6,27.1,29.3,0.649,0.226,0.432,3.6,18.9,11.5,32,2.2,0.8,14.4,31,,12.3,3.7,15.9,0.264,,7.8,1.1,8.8,7.9,6,Miami Heat,54-28,0.659,2,3,3,9,1,2,2,2,12,3,4,14,3,8
2,Blake Griffin,2014,24,LAC,0,434,1250,0.347,PF,80,80,35.8,9,17,0.528,0.2,0.6,0.273,8.8,16.4,0.537,0.533,6,8.4,0.715,2.4,7.1,9.5,3.9,1.2,0.6,2.8,3.3,24.1,23.9,0.583,0.032,0.496,7.7,21.2,14.7,19.2,1.6,1.4,11.9,29,,8.1,4.1,12.2,0.205,,3.8,0.7,4.5,4.7,3,Los Angeles Clippers,57-25,0.695,7,6,11,6,8,6,10,3,7,11,10,12,6,3
4,Joakim Noah,2014,28,CHI,0,322,1250,0.258,C,80,80,35.3,4.8,10,0.475,0,0,0,4.8,10,0.476,0.475,3.1,4.2,0.737,3.5,7.7,11.3,5.4,1.2,1.5,2.4,3.1,12.6,20,0.531,0.003,0.419,11.6,24.5,18.2,26.4,1.9,3.3,17,18.7,,4.5,6.6,11.2,0.19,,1.7,3.6,5.3,5.2,11,Chicago Bulls,48-34,0.585,15,17,9,2,16,8,8,4,2,7,10,8,17,3
5,James Harden,2014,24,HOU,0,85,1250,0.068,SG,73,73,38,7.5,16.5,0.456,2.4,6.6,0.366,5.1,9.9,0.515,0.529,7.9,9.1,0.866,0.8,3.9,4.7,6.1,1.6,0.4,3.6,2.4,25.4,23.5,0.618,0.401,0.552,2.6,10.7,6.9,27.3,2.1,0.8,15,27.8,,10.1,2.7,12.8,0.221,,5.4,0.2,5.6,5.3,5,Houston Rockets,54-28,0.659,9,5,4,12,3,5,6,5,10,6,4,16,10,13
6,Stephen Curry,2014,25,GSW,0,66,1250,0.053,PG,78,78,36.5,8.4,17.7,0.471,3.3,7.9,0.424,5,9.8,0.509,0.566,3.9,4.5,0.885,0.6,3.7,4.3,8.5,1.6,0.2,3.8,2.5,24,24.1,0.61,0.445,0.252,1.8,10.9,6.4,39.9,2.2,0.4,16.1,28.3,,9.3,4,13.4,0.225,,6.3,1.1,7.4,6.7,8,Golden State Warriors,51-31,0.622,6,7,2,13,4,4,4,6,14,5,4,17,8,6
3,Chris Paul,2014,28,LAC,0,45,1250,0.036,PG,62,62,35,6.5,14,0.467,1.3,3.4,0.368,5.3,10.6,0.498,0.511,4.8,5.6,0.855,0.6,3.7,4.3,10.7,2.5,0.1,2.3,2.5,19.1,25.9,0.58,0.244,0.397,2,11.4,6.9,48.9,3.5,0.1,12.4,23.7,,9,3.2,12.2,0.27,,6,2.6,8.6,5.8,3,Los Angeles Clippers,57-25,0.695,4,13,1,13,9,6,5,7,16,4,1,7,16,17
7,Al Jefferson,2014,29,CHA,0,34,1250,0.027,C,73,73,35,9.6,18.8,0.509,0,0.2,0.2,9.5,18.6,0.512,0.51,2.6,3.8,0.69,2.1,8.7,10.8,2.1,0.9,1.1,1.7,2.4,21.8,22.7,0.532,0.011,0.201,6.9,28.3,17.5,12.8,1.4,2.4,7.6,29.3,,3.1,4.7,7.8,0.146,,2.2,0.5,2.7,3,16,Charlotte Bobcats,43-39,0.524,10,9,17,4,15,14,14,8,3,15,13,2,5,13
8,Paul George,2014,23,IND,0,33,1250,0.026,SF,80,80,36.2,7.2,17,0.424,2.3,6.3,0.364,4.9,10.8,0.458,0.49,5,5.8,0.864,0.8,6,6.8,3.5,1.9,0.3,2.8,2.5,21.7,20.1,0.555,0.367,0.341,2.6,17.7,10.5,17.9,2.7,0.6,12.5,28.3,,4.4,6.4,10.8,0.178,,2.7,2.1,4.9,5,4,Indiana Pacers,56-26,0.683,14,10,12,10,11,10,9,9,12,10,2,12,8,3
9,LaMarcus Aldridge,2014,28,POR,0,26,1250,0.021,PF,69,69,36.2,9.4,20.6,0.458,0,0.2,0.2,9.4,20.4,0.461,0.459,4.3,5.2,0.822,2.4,8.7,11.1,2.6,0.9,1,1.8,2.1,23.2,21.8,0.507,0.011,0.253,7.2,25.5,16.5,13,1.3,1.9,7.2,29.8,,4,3.5,7.5,0.144,,2.3,0.1,2.3,2.7,7,Portland Trail Blazers,54-28,0.659,11,8,16,3,17,15,16,10,4,16,13,3,4,15
10,Kevin Love,2014,25,MIN,0,25,1250,0.02,PF,77,77,36.3,8.4,18.5,0.457,2.5,6.6,0.376,6,11.9,0.502,0.524,6.8,8.2,0.821,2.9,9.6,12.5,4.4,0.8,0.5,2.5,1.8,26.1,26.9,0.591,0.355,0.445,8.5,29.5,18.7,21.4,1,1,10.3,28.8,,10.6,3.7,14.3,0.245,,8.3,0.6,8.9,7.7,17,Minnesota Timberwolves,40-42,0.488,3,4,10,1,7,3,3,11,9,2,15,9,7,8
11,Tim Duncan,2014,37,SAS,0,21,1250,0.017,C,74,74,29.2,6,12.2,0.49,0,0.1,0,6,12.2,0.493,0.49,3.1,4.3,0.731,2.1,7.6,9.7,3,0.6,1.9,2.1,1.8,15.1,21.3,0.535,0.006,0.349,8.6,28.3,18.8,16,1,4.6,13.2,25.2,,2.8,4.6,7.4,0.164,,1.2,2.1,3.3,2.9,1,San Antonio Spurs,62-20,0.756,13,16,14,5,14,16,15,12,1,14,16,4,13,11
12,Tony Parker,2014,31,SAS,0,21,1250,0.017,PG,68,68,29.4,6.7,13.4,0.499,0.4,1,0.373,6.3,12.5,0.509,0.513,2.9,3.6,0.811,0.3,2,2.3,5.7,0.5,0.1,2.2,1.3,16.7,18.9,0.555,0.073,0.266,1,7.5,4.4,31.7,0.9,0.3,12.9,26.5,,3.9,1.9,5.9,0.141,,2,-1.2,0.9,1.5,1,San Antonio Spurs,62-20,0.756,17,15,7,17,11,17,17,12,16,17,17,6,12,16
13,Dirk Nowitzki,2014,35,DAL,0,7,1250,0.006,PF,80,80,32.9,7.9,15.9,0.497,1.6,4.1,0.398,6.3,11.8,0.532,0.549,4.2,4.7,0.899,0.5,5.7,6.2,2.7,0.9,0.6,1.5,2.1,21.7,23.6,0.603,0.258,0.295,1.8,20,10.9,14.2,1.4,1.4,7.5,26.9,,8.6,2.3,10.9,0.199,,5,0,5,4.7,10,Dallas Mavericks,49-33,0.598,8,10,15,11,6,9,10,14,7,8,13,1,11,3
14,Carmelo Anthony,2014,29,NYK,0,4,1250,0.003,PF,77,77,38.7,9.6,21.3,0.452,2.2,5.4,0.402,7.5,15.9,0.469,0.503,6,7,0.848,1.9,6.2,8.1,3.1,1.2,0.7,2.6,2.9,27.4,24.4,0.561,0.253,0.329,5.6,19.4,12.3,15.8,1.7,1.5,9.5,32.4,,8.1,2.5,10.7,0.172,,5.8,-0.8,5,5.3,19,New York Knicks,37-45,0.451,5,2,13,7,10,11,6,15,5,8,10,10,2,8
15,Goran Dragić,2014,27,PHO,0,3,1250,0.002,SG,76,75,35.1,7.3,14.4,0.505,1.6,3.9,0.408,5.7,10.4,0.542,0.561,4.2,5.5,0.76,0.9,2.3,3.2,5.9,1.4,0.3,2.8,2.7,20.3,21.4,0.604,0.274,0.381,2.9,7.4,5.2,28.1,2,0.6,14.3,24.5,,8.4,2,10.3,0.186,,4.1,-0.2,3.9,4,13,Phoenix Suns,48-34,0.585,12,12,6,15,5,12,12,16,12,12,7,12,15,10
16,Mike Conley,2014,26,MEM,0,1,1250,0.001,PG,73,73,33.5,6.3,14.1,0.45,1.4,4,0.361,4.9,10.1,0.484,0.5,3.1,3.8,0.815,0.6,2.4,2.9,6,1.5,0.2,2.1,1.9,17.2,20,0.545,0.283,0.268,2,8.4,5.2,30.1,2.4,0.4,11.5,24.6,,5.5,2.7,8.2,0.161,,3.4,0.3,3.8,3.6,9,Memphis Grizzlies,50-32,0.61,15,14,5,16,13,13,13,17,14,13,6,4,14,13
0,Stephen Curry,2015,26,GSW,100,1198,1300,0.922,PG,80,80,32.7,8.2,16.8,0.487,3.6,8.1,0.443,4.6,8.7,0.528,0.594,3.9,4.2,0.914,0.7,3.6,4.3,7.7,2,0.2,3.1,2,23.8,28,0.638,0.482,0.251,2.4,11.4,7,38.6,3,0.5,14.3,28.9,,11.5,4.1,15.7,0.288,,8.2,1.7,9.9,7.9,1,Golden State Warriors,67-15,0.817,3,5,3,11,1,3,2,1,11,1,3,9,5,4
2,James Harden,2015,25,HOU,25,936,1300,0.72,SG,81,81,36.8,8,18.1,0.44,2.6,6.9,0.375,5.4,11.3,0.48,0.511,8.8,10.2,0.868,0.9,4.7,5.7,7,1.9,0.7,4,2.6,27.4,26.7,0.605,0.378,0.561,2.8,14.2,8.5,34.6,2.6,1.6,14.9,31.3,,12.2,4.2,16.4,0.265,,7,1.8,8.8,8.1,3,Houston Rockets,56-26,0.683,4,2,5,9,2,1,1,2,7,3,4,11,3,2
3,LeBron James,2015,30,CLE,5,552,1300,0.425,SF,69,69,36.1,9,18.5,0.488,1.7,4.9,0.354,7.3,13.6,0.536,0.535,5.4,7.7,0.71,0.7,5.3,6,7.4,1.6,0.7,3.9,2,25.3,25.9,0.577,0.265,0.413,2.4,16.6,9.6,38.6,2.3,1.6,15.3,32.3,,7.4,2.9,10.4,0.199,,6.1,1,7.1,5.7,7,Cleveland Cavaliers,53-29,0.646,6,3,4,8,6,6,6,3,7,6,6,10,2,8
4,Russell Westbrook,2015,26,OKC,0,352,1300,0.271,PG,67,67,34.4,9.4,22,0.426,1.3,4.3,0.299,8.1,17.7,0.457,0.455,8.1,9.8,0.835,1.9,5.4,7.3,8.6,2.1,0.2,4.4,2.7,28.1,29.1,0.536,0.196,0.445,5.9,16.7,11.4,47,3,0.5,14.3,38.4,,7.5,3.2,10.6,0.222,,6.9,1.2,8.1,5.8,14,Oklahoma City Thunder,45-37,0.549,2,1,2,6,11,5,5,4,11,4,2,12,1,10
5,Anthony Davis,2015,21,NOP,0,203,1300,0.156,PF,68,68,36.1,9.4,17.6,0.535,0,0.2,0.083,9.4,17.5,0.54,0.536,5.5,6.8,0.805,2.5,7.7,10.2,2.2,1.5,2.9,1.4,2.1,24.4,30.8,0.591,0.01,0.384,8,24.1,16.1,11.6,2.1,6.2,6.3,27.8,,9.9,4.2,14,0.274,,6.6,2.3,8.9,6.7,13,New Orleans Pelicans,45-37,0.549,1,4,11,1,4,4,4,5,1,2,7,1,7,9
6,Chris Paul,2015,29,LAC,0,124,1300,0.095,PG,82,82,34.8,6.9,14.3,0.485,1.7,4.3,0.398,5.2,10,0.523,0.545,3.5,3.9,0.9,0.6,4,4.6,10.2,1.9,0.2,2.3,2.5,19.1,26,0.596,0.298,0.274,2.1,12.5,7.4,47.4,2.8,0.4,12.7,23.7,,12.9,3.2,16.1,0.27,,6.4,1.6,8,7.2,4,Los Angeles Clippers,56-26,0.683,5,9,1,10,3,2,3,6,11,5,4,7,10,1
8,LaMarcus Aldridge,2015,29,POR,0,6,1300,0.005,PF,71,71,35.4,9.3,19.9,0.466,0.5,1.5,0.352,8.8,18.5,0.475,0.479,4.3,5.1,0.845,2.5,7.7,10.2,1.7,0.7,1,1.7,1.8,23.4,22.8,0.528,0.074,0.256,7.7,22.9,15.5,9.2,1,1.9,7.2,30.2,,4.9,3.7,8.6,0.165,,3.2,-0.3,2.9,3.1,8,Portland Trail Blazers,51-31,0.622,7,6,12,1,12,11,12,7,4,12,12,3,4,7
7,Blake Griffin,2015,25,LAC,0,3,1300,0.002,PF,67,67,35.2,8.6,17.1,0.502,0.1,0.4,0.4,8.4,16.7,0.504,0.506,4.6,6.4,0.728,1.9,5.7,7.6,5.3,0.9,0.5,2.3,2.9,21.9,22.8,0.551,0.022,0.373,6.1,17.9,12.1,26.2,1.4,1.2,10.2,28.4,,6.6,2.4,9,0.183,,3.8,0.2,4,3.6,4,Los Angeles Clippers,56-26,0.683,7,7,6,5,10,9,11,8,9,11,9,7,6,10
9,Marc Gasol,2015,30,MEM,0,3,1300,0.002,C,81,81,33.2,6.5,13.2,0.494,0,0.2,0.176,6.5,13,0.5,0.496,4.3,5.4,0.795,1.4,6.4,7.8,3.8,0.9,1.6,2.2,2.6,17.4,21.7,0.558,0.016,0.41,4.9,21.8,13.4,19.7,1.4,4,12.2,24.6,,5.5,4.7,10.2,0.182,,2.7,2.4,5.1,4.8,5,Memphis Grizzlies,55-27,0.671,11,10,7,4,9,7,7,8,3,8,9,6,9,2
1,Klay Thompson,2015,24,GSW,0,1,1300,0.001,SG,77,77,31.9,7.8,16.9,0.463,3.1,7.1,0.439,4.7,9.8,0.481,0.555,2.9,3.3,0.879,0.4,2.9,3.2,2.9,1.1,0.8,1.9,1.6,21.7,20.8,0.591,0.42,0.197,1.2,9.4,5.4,14.6,1.7,1.8,9.5,27.6,,5.7,3.1,8.8,0.172,,4.5,-0.1,4.4,4,1,Golden State Warriors,67-15,0.817,12,8,9,12,4,10,9,11,5,10,8,5,8,5
10,Tim Duncan,2015,38,SAS,0,1,1300,0.001,C,77,77,28.9,5.4,10.6,0.512,0,0.1,0.286,5.4,10.5,0.514,0.513,3,4,0.74,2.2,6.9,9.1,3,0.8,2,1.7,2.1,13.9,22.6,0.56,0.009,0.38,8.8,26.7,17.9,16.8,1.4,5.1,12.1,22.2,,4.9,4.7,9.6,0.207,,2.3,2.8,5.1,4,6,San Antonio Spurs,55-27,0.671,9,12,8,3,8,8,9,11,2,8,11,3,12,5
11,Kawhi Leonard,2015,23,SAS,0,1,1300,0.001,SF,64,64,31.8,6.2,12.8,0.479,1,3,0.349,5.1,9.8,0.519,0.52,3.2,3.9,0.802,1.3,5.9,7.2,2.5,2.3,0.8,1.5,2,16.5,22,0.567,0.234,0.307,4.8,20.6,12.9,13,3.7,1.8,9.4,23,,4.2,4.4,8.6,0.204,,2.8,3.1,5.9,4.1,6,San Antonio Spurs,55-27,0.671,10,11,10,7,7,11,8,11,5,7,1,2,11,12
0,Stephen Curry,2016,27,GSW,131,1310,1310,1,PG,79,79,34.2,10.2,20.2,0.504,5.1,11.2,0.454,5.1,9,0.566,0.63,4.6,5.1,0.908,0.9,4.6,5.4,6.7,2.1,0.2,3.3,2,30.1,31.5,0.669,0.554,0.25,2.9,13.6,8.6,33.7,3,0.4,12.9,32.6,,13.8,4.1,17.9,0.318,,10.3,1.6,11.9,9.5,1,Golden State Warriors,73-9,0.89,1,1,7,7,1,1,1,1,9,1,2,6,1,4
2,Kawhi Leonard,2016,24,SAS,0,634,1310,0.484,SF,72,72,33.1,7.7,15.1,0.506,1.8,4,0.443,5.9,11.1,0.528,0.565,4.1,4.6,0.874,1.3,5.5,6.8,2.6,1.8,1,1.5,1.8,21.2,26,0.616,0.267,0.306,4.7,18.4,11.8,13,2.8,2.3,7.8,25.8,,8.3,5.5,13.7,0.277,,6.1,3,9.1,6.7,2,San Antonio Spurs,67-15,0.817,6,7,10,5,3,4,6,2,3,3,5,1,9,9
3,LeBron James,2016,31,CLE,0,631,1310,0.482,SF,76,76,35.6,9.7,18.6,0.52,1.1,3.7,0.309,8.6,14.9,0.573,0.551,4.7,6.5,0.731,1.5,6,7.4,6.8,1.4,0.6,3.3,1.9,25.3,27.5,0.588,0.199,0.347,4.7,18.8,11.8,36,2,1.5,13.2,31.4,,9.6,4,13.6,0.242,,7,2,9,7.5,3,Cleveland Cavaliers,57-25,0.695,4,4,5,4,5,5,3,3,4,4,8,6,4,6
4,Russell Westbrook,2016,27,OKC,0,486,1310,0.371,PG,80,80,34.4,8.2,18.1,0.454,1.3,4.3,0.296,6.9,13.8,0.503,0.489,5.8,7.2,0.812,1.8,6,7.8,10.4,2,0.3,4.3,2.5,23.5,27.6,0.554,0.236,0.397,6.1,18.1,12.4,49.6,2.9,0.6,16.8,31.6,,10,4,14,0.245,,6.4,1.4,7.8,6.8,5,Oklahoma City Thunder,55-27,0.671,3,6,1,3,10,3,4,4,8,6,4,9,3,3
5,Kevin Durant,2016,27,OKC,0,147,1310,0.112,SF,72,72,35.8,9.7,19.2,0.505,2.6,6.7,0.387,7.1,12.5,0.569,0.573,6.2,6.9,0.898,0.6,7.6,8.2,5,1,1.2,3.5,1.9,28.2,28.2,0.634,0.348,0.361,2,21.8,12.4,24.2,1.3,2.5,13.5,30.6,,11,3.5,14.5,0.27,,8.4,1.6,9.9,7.8,5,Oklahoma City Thunder,55-27,0.671,2,3,9,2,2,2,2,5,2,2,9,8,6,9
6,Chris Paul,2016,30,LAC,0,107,1310,0.082,PG,74,74,32.7,7,15.1,0.462,1.6,4.4,0.371,5.3,10.6,0.501,0.517,4,4.4,0.896,0.5,3.7,4.2,10,2.1,0.2,2.6,2.5,19.5,26.2,0.575,0.295,0.294,1.8,12,7,52.7,3.1,0.4,13.4,27.1,,9.2,3.5,12.7,0.253,,5.9,2,7.9,6,6,Los Angeles Clippers,53-29,0.646,5,9,2,9,8,7,7,6,9,5,2,2,7,8
1,Draymond Green,2016,25,GSW,0,50,1310,0.038,PF,81,81,34.7,5,10.1,0.49,1.2,3.2,0.388,3.7,6.9,0.537,0.551,2.8,4.1,0.696,1.7,7.8,9.5,7.4,1.5,1.4,3.2,3,14,19.3,0.587,0.315,0.402,5.5,23,14.7,29,2,3,21.2,18.8,,6,5.1,11.1,0.19,,2.6,2.9,5.5,5.3,1,Golden State Warriors,73-9,0.89,10,10,4,1,6,9,9,7,1,9,7,4,10,2
7,Damian Lillard,2016,25,POR,0,26,1310,0.02,PG,75,75,35.7,8.2,19.7,0.419,3.1,8.1,0.375,5.2,11.5,0.45,0.497,5.5,6.2,0.892,0.6,3.4,4,6.8,0.9,0.4,3.2,2.2,25.1,22.2,0.56,0.414,0.315,1.8,10.4,6.1,33.6,1.2,0.8,12.6,31.3,,7.7,1.4,9.2,0.165,,5.7,-1.3,4.4,4.3,13,Portland Trail Blazers,44-38,0.537,8,5,5,10,9,10,10,8,6,10,10,4,5,7
8,James Harden,2016,26,HOU,0,9,1310,0.007,SG,82,82,38.1,8.7,19.7,0.439,2.9,8,0.359,5.8,11.7,0.494,0.512,8.8,10.2,0.86,0.8,5.3,6.1,7.5,1.7,0.6,4.6,2.8,29,25.3,0.598,0.406,0.518,2.2,15.6,8.8,35.4,2.2,1.4,15.9,32.5,,10.7,2.6,13.3,0.204,,6.4,0.2,6.6,6.8,17,Houston Rockets,41-41,0.5,7,2,3,6,4,6,4,9,4,7,6,10,2,1
9,Kyle Lowry,2016,29,TOR,0,6,1310,0.005,PG,77,77,37,6.6,15.6,0.427,2.8,7.1,0.388,3.9,8.5,0.461,0.516,5.2,6.4,0.811,0.7,4,4.7,6.4,2.1,0.4,2.9,2.7,21.2,22.2,0.578,0.457,0.41,2.2,12.3,7.3,29.9,2.9,1,13.7,26.1,,8,3.7,11.6,0.196,,4.7,1.1,5.8,5.7,4,Toronto Raptors,56-26,0.683,8,7,8,8,7,8,8,10,6,8,2,3,8,5
0,Russell Westbrook,2017,28,OKC,69,888,1010,0.879,PG,81,81,34.6,10.2,24,0.425,2.5,7.2,0.343,7.7,16.8,0.459,0.476,8.8,10.4,0.845,1.7,9,10.7,10.4,1.6,0.4,5.4,2.3,31.6,30.6,0.554,0.3,0.433,5.4,28.8,17.1,57.3,2.3,0.9,15.9,41.7,,8.5,4.6,13.1,0.224,,8.7,2.4,11.1,9.3,10,Oklahoma City Thunder,47-35,0.573,1,1,3,2,9,3,1,1,8,1,4,10,1,1
1,James Harden,2017,27,HOU,22,753,1010,0.746,PG,81,81,36.4,8.3,18.9,0.44,3.2,9.3,0.347,5.1,9.6,0.53,0.525,9.2,10.9,0.847,1.2,7,8.1,11.2,1.5,0.5,5.7,2.7,29.1,27.4,0.613,0.493,0.575,3.5,20.9,12.2,50.7,2,1,19.5,34.2,,11.5,3.6,15,0.245,,7.5,1.2,8.7,8,3,Houston Rockets,55-27,0.671,5,2,1,6,5,1,2,2,7,4,6,11,3,1
2,Kawhi Leonard,2017,25,SAS,9,500,1010,0.495,SF,74,74,33.4,8.6,17.7,0.485,2,5.2,0.38,6.6,12.5,0.529,0.541,6.3,7.2,0.88,1.1,4.7,5.8,3.5,1.8,0.7,2.1,1.6,25.5,27.6,0.61,0.295,0.406,3.7,15.7,9.8,18.9,2.7,1.8,9.1,31.1,,8.9,4.7,13.6,0.264,,7.1,2.2,9.4,7.1,2,San Antonio Spurs,61-21,0.744,2,7,10,7,6,2,3,3,4,2,2,1,6,9
3,LeBron James,2017,32,CLE,1,333,1010,0.33,SF,74,74,37.8,9.9,18.2,0.548,1.7,4.6,0.363,8.3,13.5,0.611,0.594,4.8,7.2,0.674,1.3,7.3,8.6,8.7,1.2,0.6,4.1,1.8,26.4,27,0.619,0.254,0.395,4,20.7,12.6,41.3,1.6,1.3,16.1,30,,9.8,3,12.9,0.221,,6.4,1.2,7.6,6.7,5,Cleveland Cavaliers,51-31,0.622,6,6,4,4,4,4,4,4,5,5,8,8,9,9
4,Isaiah Thomas,2017,27,BOS,0,81,1010,0.08,PG,76,76,33.8,9,19.4,0.463,3.2,8.5,0.379,5.8,10.9,0.528,0.546,7.8,8.5,0.909,0.6,2.1,2.7,5.9,0.9,0.2,2.8,2.2,28.9,26.5,0.625,0.439,0.441,1.9,7,4.4,32.5,1.4,0.4,10.7,34,,10.9,1.6,12.5,0.234,,7.8,-1.1,6.7,5.6,4,Boston Celtics,53-29,0.646,7,3,6,11,2,6,8,5,10,8,11,5,4,6
5,Stephen Curry,2017,28,GSW,0,52,1010,0.051,PG,79,79,33.4,8.5,18.3,0.468,4.1,10,0.411,4.4,8.3,0.537,0.58,4.1,4.6,0.898,0.8,3.7,4.5,6.6,1.8,0.2,3,2.3,25.3,24.6,0.624,0.547,0.251,2.7,11.4,7.3,31.2,2.6,0.5,13,30.1,,8.7,3.9,12.6,0.229,,6.7,0.3,6.9,5.9,1,Golden State Warriors,67-15,0.817,9,8,5,9,3,5,6,6,10,7,2,7,8,4
7,Giannis Antetokounmpo,2017,22,MIL,0,7,1010,0.007,SF,80,80,35.6,8.2,15.7,0.521,0.6,2.3,0.272,7.6,13.5,0.563,0.541,5.9,7.7,0.77,1.8,7,8.8,5.4,1.6,1.9,2.9,3.1,22.9,26.1,0.599,0.143,0.486,5.9,22.6,14.3,26.6,2.3,4.7,13.3,28.3,,7.9,4.5,12.4,0.21,,4.9,2.4,7.3,6.7,14,Milwaukee Bucks,42-40,0.512,8,11,7,3,7,7,4,7,2,6,4,6,10,3
8,John Wall,2017,26,WAS,0,7,1010,0.007,PG,78,78,36.4,8.3,18.4,0.451,1.1,3.5,0.327,7.2,14.9,0.48,0.482,5.4,6.8,0.801,0.8,3.4,4.2,10.7,2,0.6,4.1,1.9,23.1,23.2,0.541,0.19,0.367,2.4,10.6,6.5,46.9,2.7,1.4,16.2,30.6,,5.8,3,8.8,0.149,,4.6,0.1,4.7,4.8,9,Washington Wizards,49-33,0.598,11,10,2,10,11,11,10,7,5,10,1,8,7,5
6,Kevin Durant,2017,28,GSW,0,2,1010,0.002,PF,62,62,33.4,8.9,16.5,0.537,1.9,5,0.375,7,11.5,0.608,0.594,5.4,6.2,0.875,0.6,7.6,8.3,4.8,1.1,1.6,2.2,1.9,25.1,27.6,0.651,0.304,0.374,2.2,23.6,13.6,23.1,1.5,3.8,10.4,27.8,,8,4,12,0.278,,6.7,2.2,8.9,5.7,1,Golden State Warriors,67-15,0.817,2,9,8,5,1,8,7,9,3,3,9,2,11,11
9,Anthony Davis,2017,23,NOP,0,2,1010,0.002,C,75,75,36.1,10.3,20.3,0.505,0.5,1.8,0.299,9.7,18.6,0.524,0.518,6.9,8.6,0.802,2.3,9.5,11.8,2.1,1.3,2.2,2.4,2.2,28,27.5,0.58,0.088,0.424,6.7,27.9,17.2,11.1,1.7,5.1,9.1,32.6,,5.9,5.1,11,0.195,,4.4,1.4,5.9,5.4,21,New Orleans Pelicans,34-48,0.415,4,4,11,1,8,9,9,9,1,9,7,3,5,7
10,DeMar DeRozan,2017,27,TOR,0,1,1010,0.001,SG,74,74,35.4,9.7,20.9,0.467,0.4,1.7,0.266,9.3,19.2,0.484,0.477,7.4,8.7,0.842,0.9,4.3,5.2,3.9,1.1,0.2,2.4,1.8,27.3,24,0.552,0.08,0.419,3,13.6,8.3,20.6,1.5,0.4,9,34.3,,6.7,2.4,9,0.166,,4.1,-1,3,3.3,7,Toronto Raptors,51-31,0.622,10,5,9,8,10,10,11,11,10,11,9,3,2,9
0,James Harden,2018,28,HOU,86,965,1010,0.955,SG,72,72,35.4,9,20.1,0.449,3.7,10,0.367,5.4,10.1,0.531,0.541,8.7,10.1,0.858,0.6,4.8,5.4,8.8,1.8,0.7,4.4,2.3,30.4,29.8,0.619,0.498,0.502,1.8,15.2,8.6,45.1,2.4,1.7,15.1,36.1,,11.6,3.8,15.4,0.289,,8.5,1.4,9.9,7.7,1,Houston Rockets,65-17,0.793,1,1,3,8,4,1,2,1,8,1,3,12,1,9
1,LeBron James,2018,33,CLE,15,738,1010,0.731,PF,82,82,36.9,10.5,19.3,0.542,1.8,5,0.367,8.6,14.3,0.603,0.59,4.7,6.5,0.731,1.2,7.5,8.6,9.1,1.4,0.9,4.2,1.7,27.5,28.6,0.621,0.257,0.336,3.7,22.3,13.1,44.4,1.9,2,16.1,31.6,,11,3,14,0.221,,7.3,1.4,8.7,8.2,6,Cleveland Cavaliers,50-32,0.61,3,3,2,5,3,2,1,2,6,2,8,11,4,1
2,Anthony Davis,2018,24,NOP,0,445,1010,0.441,PF,75,75,36.4,10.4,19.5,0.534,0.7,2.2,0.34,9.7,17.3,0.558,0.552,6.6,8,0.828,2.5,8.6,11.1,2.3,1.5,2.6,2.2,2.1,28.1,28.9,0.612,0.111,0.409,7.7,24.8,16.5,10.8,2,5.6,8.6,30,,8.8,4.9,13.7,0.241,,5.3,1.4,6.7,5.9,9,New Orleans Pelicans,48-34,0.585,2,2,12,1,5,3,5,3,1,6,6,3,10,5
3,Damian Lillard,2018,27,POR,0,207,1010,0.205,PG,73,73,36.6,8.5,19.4,0.439,3.1,8.6,0.361,5.4,10.8,0.501,0.519,6.8,7.4,0.916,0.8,3.6,4.5,6.6,1.1,0.4,2.8,1.6,26.9,25.2,0.594,0.445,0.38,2.6,10.6,6.6,30.9,1.4,0.8,11.1,30.6,,9.9,2.7,12.6,0.227,,7,0.3,7.2,6.3,7,Portland Trail Blazers,49-33,0.598,7,4,4,12,7,4,3,4,9,5,9,5,7,8
4,Russell Westbrook,2018,29,OKC,0,76,1010,0.075,PG,80,80,36.4,9.5,21.1,0.449,1.2,4.1,0.298,8.3,17,0.485,0.477,5.2,7.1,0.737,1.9,8.2,10.1,10.3,1.8,0.3,4.8,2.5,25.4,24.7,0.524,0.193,0.336,5.6,25.7,15.3,49.8,2.5,0.6,16.4,34.1,,5.5,4.5,10.1,0.166,,4.8,1.5,6.3,6.1,10,Oklahoma City Thunder,48-34,0.585,9,8,1,3,13,8,4,5,11,7,3,13,2,2
5,Giannis Antetokounmpo,2018,23,MIL,0,75,1010,0.074,PF,75,75,36.7,9.9,18.7,0.529,0.6,1.9,0.307,9.3,16.8,0.554,0.545,6.5,8.5,0.76,2.1,8,10,4.8,1.5,1.4,3,3.1,26.9,27.3,0.598,0.1,0.457,6.7,25.3,16,23.7,2,3.3,11.7,31.2,,8.3,3.6,11.9,0.207,,5.3,0.9,6.2,5.7,16,Milwaukee Bucks,44-38,0.537,5,4,9,4,6,5,6,6,4,8,6,8,5,5
6,Kevin Durant,2018,29,GSW,0,66,1010,0.065,SF,68,68,34.2,9.3,18,0.516,2.5,6.1,0.419,6.7,11.9,0.565,0.586,5.3,5.9,0.889,0.5,6.4,6.8,5.4,0.7,1.8,3,2,26.4,26,0.64,0.338,0.331,1.6,19.5,11.2,25.5,1,4,12.9,30.4,,7.5,2.9,10.4,0.215,,6.7,0.6,7.3,5.5,3,Golden State Warriors,58-24,0.707,6,6,6,7,2,7,7,7,2,4,11,8,8,10
8,DeMar DeRozan,2018,28,TOR,0,32,1010,0.032,SG,80,80,33.9,8.1,17.7,0.456,1.1,3.6,0.31,7,14.1,0.494,0.488,5.8,7,0.825,0.7,3.2,3.9,5.2,1.1,0.3,2.2,1.9,23,21,0.555,0.203,0.396,2.5,10.4,6.5,25,1.5,0.6,9.5,29.6,,6.8,2.8,9.6,0.17,,3.3,-0.6,2.8,3.2,2,Toronto Raptors,59-23,0.72,13,11,7,13,12,9,12,8,11,13,9,3,11,2
9,LaMarcus Aldridge,2018,32,SAS,0,6,1010,0.006,C,75,75,33.5,9.2,18,0.51,0.4,1.2,0.293,8.8,16.7,0.526,0.52,4.5,5.3,0.837,3.3,5.2,8.5,2,0.6,1.2,1.5,2.1,23.1,25,0.57,0.068,0.296,10.8,17.3,14,11.3,0.9,3,6.8,29.1,,7.4,3.5,10.9,0.209,,4.3,-0.4,3.9,3.7,13,San Antonio Spurs,47-35,0.573,8,9,13,6,11,6,11,9,5,11,12,1,12,5
7,Stephen Curry,2018,29,GSW,0,5,1010,0.005,PG,51,51,32,8.4,16.9,0.495,4.2,9.8,0.423,4.2,7.1,0.595,0.618,5.5,5.9,0.921,0.7,4.4,5.1,6.1,1.6,0.2,3,2.2,26.4,28.2,0.675,0.58,0.35,2.7,14.4,9,30.3,2.4,0.4,13.3,31,,7.2,1.9,9.1,0.267,,7.8,0,7.7,4,3,Golden State Warriors,58-24,0.707,4,6,5,11,1,10,10,10,13,3,5,8,6,13
10,Jimmy Butler,2018,28,MIN,0,5,1010,0.005,SG,59,59,36.7,7.4,15.6,0.474,1.2,3.4,0.35,6.2,12.2,0.509,0.512,6.2,7.2,0.854,1.3,4,5.3,4.9,2,0.4,1.8,1.3,22.2,23.7,0.59,0.217,0.461,4.2,12.7,8.4,20.6,2.7,1,8.9,24.9,,7.1,1.8,8.9,0.198,,5,0.7,5.8,4.2,12,Minnesota Timberwolves,47-35,0.573,10,13,8,9,8,11,9,10,9,9,2,2,13,12
11,Joel Embiid,2018,23,PHI,0,4,1010,0.004,C,63,63,30.3,8.1,16.8,0.483,1,3.4,0.308,7,13.4,0.527,0.514,5.7,7.4,0.769,2.3,8.7,11,3.2,0.6,1.8,3.7,3.3,22.9,22.9,0.573,0.203,0.442,8.4,29.7,19.4,18,1,4.8,15.6,33.4,,2.3,3.8,6.2,0.155,,2,1.3,3.3,2.6,5,Philadelphia 76ers,52-30,0.634,12,12,11,2,10,13,13,12,2,12,12,10,3,11
12,Victor Oladipo,2018,25,IND,0,2,1010,0.002,SG,75,75,34,8.5,17.9,0.477,2.1,5.8,0.371,6.4,12.1,0.528,0.537,3.9,4.9,0.799,0.6,4.6,5.2,4.3,2.4,0.8,2.9,2.3,23.1,23.1,0.577,0.323,0.274,2.1,15.1,8.6,21.2,3.5,2,12.7,30.1,,4.3,4,8.2,0.155,,4.1,1.7,5.8,5,8,Indiana Pacers,48-34,0.585,11,9,10,10,9,12,8,13,7,9,1,6,9,5
0,Giannis Antetokounmpo,2019,24,MIL,78,941,1010,0.932,PF,72,72,32.8,10,17.3,0.578,0.7,2.8,0.256,9.3,14.5,0.641,0.599,6.9,9.5,0.729,2.2,10.3,12.5,5.9,1.3,1.5,3.7,3.2,27.7,30.9,0.644,0.163,0.55,7.3,30,19.3,30.3,1.8,3.9,14.8,32.3,,8.9,5.5,14.4,0.292,,6.3,4.1,10.4,7.4,1,Milwaukee Bucks,60-22,0.732,1,3,6,3,2,2,2,1,3,2,7,10,3,8
1,James Harden,2019,29,HOU,23,776,1010,0.768,PG,78,78,36.8,10.8,24.5,0.442,4.8,13.2,0.368,6,11.3,0.528,0.541,9.7,11,0.879,0.8,5.8,6.6,7.5,2,0.7,5,3.1,36.1,30.6,0.616,0.539,0.449,2.5,17.8,10,39.5,2.7,1.7,14.5,40.5,,11.4,3.8,15.2,0.254,,9.4,1.6,11,9.3,5,Houston Rockets,53-29,0.646,2,1,3,9,5,1,1,2,5,1,2,12,1,4
2,Paul George,2019,28,OKC,0,356,1010,0.352,SF,77,77,36.9,9.2,21,0.438,3.8,9.8,0.386,5.4,11.1,0.484,0.529,5.9,7,0.839,1.4,6.8,8.2,4.1,2.2,0.4,2.7,2.8,28,23.3,0.583,0.469,0.335,3.7,19.6,11.4,17.7,2.8,1,10,29.5,,7,4.9,11.9,0.201,,5.6,1.6,7.2,6.6,10,Oklahoma City Thunder,49-33,0.598,11,2,9,7,11,5,4,3,10,5,1,3,8,6
4,Nikola Jokić,2019,23,DEN,0,212,1010,0.21,C,80,80,31.3,7.7,15.1,0.511,1,3.4,0.307,6.7,11.7,0.569,0.545,3.6,4.4,0.821,2.9,8,10.8,7.3,1.4,0.7,3.1,2.9,20.1,26.3,0.589,0.224,0.292,9.8,27.6,18.7,37,2.1,1.9,15.4,27.4,,7.5,4.3,11.8,0.226,,6.2,2.9,9.1,7,4,Denver Nuggets,54-28,0.659,3,11,4,5,8,6,3,4,5,3,5,7,11,2
5,Stephen Curry,2019,30,GSW,0,175,1010,0.173,PG,69,69,33.8,9.2,19.4,0.472,5.1,11.7,0.437,4,7.7,0.525,0.604,3.8,4.2,0.916,0.7,4.7,5.3,5.2,1.3,0.4,2.8,2.4,27.3,24.4,0.641,0.604,0.214,2.2,14.2,8.4,24.2,1.9,0.9,11.6,30.4,,7.2,2.5,9.7,0.199,,7.1,-0.5,6.6,5.1,3,Golden State Warriors,57-25,0.695,8,6,8,11,3,8,6,5,10,7,7,5,6,9
7,Damian Lillard,2019,28,POR,0,69,1010,0.068,PG,80,80,35.5,8.5,19.2,0.444,3,8,0.369,5.6,11.1,0.499,0.522,5.9,6.4,0.912,0.9,3.8,4.6,6.9,1.1,0.4,2.7,1.9,25.8,23.7,0.588,0.419,0.335,2.6,11.1,7,30.6,1.5,1,10.8,29.3,,9.7,2.4,12.1,0.205,,6.6,-0.3,6.4,6,6,Portland Trail Blazers,53-29,0.646,10,9,5,12,9,4,5,6,10,8,9,3,9,2
8,Joel Embiid,2019,24,PHI,0,49,1010,0.049,C,64,64,33.7,9.1,18.7,0.484,1.2,4.1,0.3,7.8,14.6,0.535,0.517,8.2,10.1,0.804,2.5,11.1,13.6,3.7,0.7,1.9,3.5,3.3,27.5,26.1,0.593,0.219,0.541,8.1,34,21.4,18.4,1,4.4,13.2,33.3,,4.9,3.8,8.7,0.194,,4,0.9,4.9,3.8,7,Philadelphia 76ers,51-31,0.622,4,4,10,1,7,10,12,7,2,12,11,8,2,10
6,Kevin Durant,2019,30,GSW,0,25,1010,0.025,SF,78,78,34.6,9.2,17.7,0.521,1.8,5,0.353,7.5,12.8,0.587,0.571,5.7,6.5,0.885,0.4,5.9,6.4,5.9,0.7,1.1,2.9,2,26,24.2,0.631,0.281,0.366,1.4,17.5,9.8,26.2,1,2.6,12.3,29,,8.6,2.9,11.5,0.204,,5.4,0.1,5.5,5.1,3,Golden State Warriors,57-25,0.695,9,8,6,10,4,7,6,8,4,9,11,6,10,4
9,Kawhi Leonard,2019,27,TOR,0,13,1010,0.013,SF,60,60,34,9.3,18.8,0.496,1.9,5,0.371,7.5,13.8,0.542,0.546,6.1,7.1,0.854,1.3,6,7.3,3.3,1.8,0.4,2,1.5,26.6,25.8,0.606,0.267,0.377,4.2,18.6,11.6,16.4,2.5,1,8.4,30.3,,6.1,3.4,9.5,0.224,,6.1,1.1,7.2,4.7,2,Toronto Raptors,58-24,0.707,5,7,11,8,6,9,10,9,10,5,4,2,7,11
3,Russell Westbrook,2019,30,OKC,0,8,1010,0.008,PG,73,73,36,8.6,20.2,0.428,1.6,5.6,0.29,7,14.5,0.481,0.468,4.1,6.2,0.656,1.5,9.6,11.1,10.7,1.9,0.5,4.5,3.4,22.9,21.1,0.501,0.279,0.306,4.1,28.3,15.8,46.5,2.5,1.1,16.3,30.9,,1.8,5,6.8,0.124,,2.8,2.4,5.2,4.7,10,Oklahoma City Thunder,49-33,0.598,12,10,1,4,12,12,10,10,8,11,3,11,5,7
10,Rudy Gobert,2019,26,UTA,0,1,1010,0.001,C,81,80,31.8,5.9,8.8,0.669,0,0,,5.9,8.8,0.669,0.669,4.1,6.4,0.636,3.8,9,12.9,2,0.8,2.3,1.6,2.9,15.9,24.6,0.682,0,0.733,13.2,30.2,21.9,9.6,1.2,5.8,12.1,17.8,,8.7,5.7,14.4,0.268,,3,2.5,5.4,4.8,8,Utah Jazz,50-32,0.61,7,12,12,2,1,2,9,11,1,10,10,1,12,1
11,LeBron James,2019,34,LAL,0,1,1010,0.001,SF,55,55,35.2,10.1,19.9,0.51,2,5.9,0.339,8.1,14,0.582,0.56,5.1,7.6,0.665,1,7.4,8.5,8.3,1.3,0.6,3.6,1.7,27.4,25.6,0.588,0.299,0.382,3.1,21.3,12.4,39.4,1.7,1.4,13.3,31.6,,4.7,2.6,7.2,0.179,,6.4,1.7,8,4.9,20,Los Angeles Lakers,37-45,0.451,6,5,2,6,9,11,8,11,7,4,7,9,4,12
0,Giannis Antetokounmpo,2020,25,MIL,85,962,1010,0.952,PF,63,63,30.4,10.9,19.7,0.553,1.4,4.7,0.304,9.5,15,0.631,0.589,6.3,10,0.633,2.2,11.4,13.6,5.6,1,1,3.7,3.1,29.5,31.9,0.613,0.237,0.508,7.7,34.8,22.1,34.2,1.5,3,13.2,37.5,,6.1,5,11.1,0.279,,7.4,4.1,11.5,6.6,1,Milwaukee Bucks,56-17,0.767,1,3,8,1,3,3,2,1,2,1,11,9,1,7
1,LeBron James,2020,35,LAL,16,753,1010,0.746,PG,67,67,34.6,9.6,19.4,0.493,2.2,6.3,0.348,7.4,13.1,0.564,0.55,3.9,5.7,0.693,1,6.9,7.8,10.2,1.2,0.5,3.9,1.8,25.3,25.5,0.577,0.326,0.292,3.2,21.5,12.4,49.1,1.6,1.4,15.1,31.5,,6.2,3.6,9.8,0.204,,6.6,1.8,8.4,6.1,3,Los Angeles Lakers,52-19,0.732,7,7,1,5,10,5,3,2,9,4,7,10,5,4
3,James Harden,2020,30,HOU,0,367,1010,0.363,SG,68,68,36.5,9.9,22.3,0.444,4.4,12.4,0.355,5.5,9.9,0.556,0.543,10.2,11.8,0.865,1,5.5,6.6,7.5,1.8,0.9,4.5,3.3,34.3,29.1,0.626,0.557,0.528,2.9,16,9.4,35.9,2.3,2.1,14.2,36.3,,9.9,3.2,13.1,0.254,,8.1,1.6,9.6,7.3,8,Houston Rockets,44-28,0.611,2,1,4,10,2,1,1,3,4,2,2,12,3,3
4,Luka Dončić,2020,20,DAL,0,200,1010,0.198,PG,61,61,33.6,9.5,20.6,0.463,2.8,8.9,0.316,6.7,11.7,0.574,0.531,7,9.2,0.758,1.3,8.1,9.4,8.8,1,0.2,4.3,2.5,28.8,27.6,0.585,0.431,0.448,4.1,25,14.7,45.7,1.5,0.6,14.8,36.8,,6.5,2.3,8.8,0.207,,7.4,1,8.4,5.4,12,Dallas Mavericks,43-32,0.573,3,4,2,3,8,9,6,4,11,4,11,11,2,9
5,Kawhi Leonard,2020,28,LAC,0,168,1010,0.166,SF,57,57,32.4,9.3,19.9,0.47,2.2,5.7,0.378,7.2,14.2,0.506,0.524,6.2,7.1,0.886,0.9,6.1,7.1,4.9,1.8,0.6,2.6,2,27.1,26.9,0.589,0.287,0.355,3.1,19.1,11.3,26.4,2.6,1.6,10.2,33,,5.4,3.3,8.7,0.226,,6.5,2.4,8.9,5.1,4,Los Angeles Clippers,49-23,0.681,5,5,9,7,7,10,8,5,7,3,2,6,4,12
2,Anthony Davis,2020,26,LAL,0,82,1010,0.081,PF,62,62,34.4,8.9,17.7,0.503,1.2,3.5,0.33,7.7,14.2,0.546,0.536,7.2,8.5,0.846,2.3,7,9.3,3.2,1.5,2.3,2.5,2.5,26.1,27.4,0.61,0.199,0.479,7.4,22.1,14.8,15.1,2,6,10.4,29.3,,6.7,4.4,11.1,0.25,,5.4,2.6,8,5.4,3,Los Angeles Lakers,52-19,0.732,4,6,11,4,4,3,6,6,1,6,5,4,7,8
6,Chris Paul,2020,34,OKC,0,26,1010,0.026,PG,70,70,31.5,6.2,12.7,0.489,1.6,4.3,0.365,4.6,8.3,0.554,0.552,3.6,4,0.907,0.4,4.6,5,6.7,1.6,0.2,2.3,2.3,17.6,21.7,0.61,0.343,0.315,1.3,15.7,8.7,34,2.4,0.4,13.8,23.3,,5.9,3,8.9,0.193,,3,1.4,4.4,3.5,10,Oklahoma City Thunder,44-28,0.611,10,12,6,11,4,8,10,7,11,10,4,2,12,2
7,Damian Lillard,2020,29,POR,0,23,1010,0.023,PG,66,66,37.5,9.5,20.4,0.463,4.1,10.2,0.401,5.4,10.2,0.524,0.563,7,7.8,0.888,0.5,3.8,4.3,8,1.1,0.3,2.9,1.7,30,26.9,0.627,0.5,0.384,1.4,10.5,6,34.4,1.3,0.8,11,30.3,,10.9,0.7,11.6,0.225,,8.3,-0.9,7.5,5.9,15,Portland Trail Blazers,35-39,0.473,5,2,3,12,1,2,4,8,10,7,9,7,6,5
8,Nikola Jokić,2020,24,DEN,0,18,1010,0.018,C,73,73,32,7.7,14.7,0.528,1.1,3.5,0.314,6.6,11.2,0.594,0.565,3.4,4.1,0.817,2.3,7.5,9.7,7,1.2,0.6,3.1,3,19.9,24.9,0.605,0.238,0.281,8,26.1,17.1,35.2,1.8,1.7,15.8,26.6,,6.7,3.1,9.8,0.202,,5.5,2,7.4,5.5,6,Denver Nuggets,46-27,0.63,8,10,5,2,6,5,5,9,7,8,7,8,10,1
9,Pascal Siakam,2020,25,TOR,0,17,1010,0.017,PF,60,60,35.2,8.3,18.4,0.453,2.2,6.1,0.359,6.2,12.3,0.499,0.512,4,5.1,0.792,1.1,6.3,7.3,3.5,1,0.9,2.5,2.8,22.9,17.9,0.554,0.331,0.274,3.3,18.3,11,16.4,1.4,2.5,10.7,28.1,,1.8,3.6,5.4,0.123,,1.3,0.5,1.8,2,2,Toronto Raptors,53-19,0.736,12,9,10,6,12,12,12,10,4,12,11,4,9,10
10,Jimmy Butler,2020,30,MIA,0,9,1010,0.009,SF,58,58,33.8,5.9,13.1,0.455,0.5,2.1,0.244,5.4,11,0.495,0.474,7.6,9.1,0.834,1.8,4.8,6.7,6,1.8,0.6,2.2,1.4,19.9,23.6,0.585,0.157,0.693,6.3,15.4,11,28.1,2.6,1.6,11.4,25.1,,6.3,2.7,9,0.221,,4,1.5,5.4,3.7,9,Miami Heat,44-29,0.603,9,10,7,9,8,7,9,11,7,9,2,1,11,11
11,Jayson Tatum,2020,21,BOS,0,1,1010,0.001,PF,66,66,34.3,8.4,18.6,0.45,2.9,7.1,0.403,5.5,11.5,0.48,0.527,3.8,4.7,0.812,1,6,7,3,1.4,0.9,2.3,2.1,23.4,20.4,0.567,0.383,0.255,3.1,18.5,10.9,14.5,2,2.3,10.2,28.6,,3.2,3.7,6.9,0.146,,3.5,0.6,4,3.4,5,Boston Celtics,48-24,0.667,11,8,12,8,11,11,11,12,4,11,6,2,8,5